GridName,GridRows,GridColumns,NumOfAgents,NumOfObstacles,InstanceId,BranchingFactor,ObstacleDensity,AvgDistanceToGoal,MaxDistanceToGoal,MinDistanceToGoal,AvgStartDistances,AvgGoalDistances,PointsAtSPRatio,A*+OD+ID Success,A*+OD+ID Runtime,A*+OD+ID Solution Cost,A*+OD+ID Expanded,A*+OD+ID Generated,A*+OD+ID Max Group Size,A*+OD+ID Min Group Size,A*+OD+ID Max Group,A*+OD+ID Solution Depth,MA-CBS-Global-10/(EPEA*/SIC) choosing the first conflict in CBS nodes Success,MA-CBS-Global-10/(EPEA*/SIC) choosing the first conflict in CBS nodes Runtime,MA-CBS-Global-10/(EPEA*/SIC) choosing the first conflict in CBS nodes Solution Cost,MA-CBS-Global-10/(EPEA*/SIC) choosing the first conflict in CBS nodes Expanded (HL),MA-CBS-Global-10/(EPEA*/SIC) choosing the first conflict in CBS nodes Generated (HL),MA-CBS-Global-10/(EPEA*/SIC) choosing the first conflict in CBS nodes Closed List Hits (HL),MA-CBS-Global-10/(EPEA*/SIC) choosing the first conflict in CBS nodes Partial Expansions (HL),MA-CBS-Global-10/(EPEA*/SIC) choosing the first conflict in CBS nodes Adoptions (HL),MA-CBS-Global-10/(EPEA*/SIC) choosing the first conflict in CBS nodes Pruning Successes (HL),MA-CBS-Global-10/(EPEA*/SIC) choosing the first conflict in CBS nodes Pruning Failures (HL),MA-CBS-Global-10/(EPEA*/SIC) choosing the first conflict in CBS nodes Nodes Expanded With Goal Cost (HL),MA-CBS-Global-10/(EPEA*/SIC) choosing the first conflict in CBS nodes Look Ahead Nodes Created (HL),MA-CBS-Global-10/(EPEA*/SIC) choosing the first conflict in CBS nodes Conflicts Bypassed With Adoption (HL),MA-CBS-Global-10/(EPEA*/SIC) choosing the first conflict in CBS nodes Cardinal Conflict Splits (HL),MA-CBS-Global-10/(EPEA*/SIC) choosing the first conflict in CBS nodes Semi-Cardinal Conflict Splits (HL),MA-CBS-Global-10/(EPEA*/SIC) choosing the first conflict in CBS nodes Non-Cardinal Conflict Splits (HL),MA-CBS-Global-10/(EPEA*/SIC) choosing the first conflict in CBS nodes MDDs Built (HL),MA-CBS-Global-10/(EPEA*/SIC) choosing the first conflict in CBS nodes Nodes Pushed Back (HL),MA-CBS-Global-10/(EPEA*/SIC) choosing the first conflict in CBS nodes Restarts (HL),MA-CBS-Global-10/(EPEA*/SIC) choosing the first conflict in CBS nodes Max Group Size (HL),EPEA*/SIC Expanded,EPEA*/SIC Generated,EPEA*/SIC Reopened,EPEA*/SIC BPMX boosts,EPEA*/SIC Closed List Hits,EPEA*/SIC Reopened With Old H,EPEA*/SIC H Updated From Other Area,EPEA*/SIC Max expansion delay,EPEA*/SIC Quick Insertions,EPEA*/SIC Quick Insertions Cancelled,EPEA*/SIC Expanded Full States,MA-CBS-Global-10/(EPEA*/SIC) choosing the first conflict in CBS nodes Quick Insertions,MA-CBS-Global-10/(EPEA*/SIC) choosing the first conflict in CBS nodes Quick Insertions Cancelled,MA-CBS-Global-10/(EPEA*/SIC) choosing the first conflict in CBS nodes Max Group,MA-CBS-Global-10/(EPEA*/SIC) choosing the first conflict in CBS nodes Solution Depth,Basic-CBS/(A*/SIC)+ID Success,Basic-CBS/(A*/SIC)+ID Runtime,Basic-CBS/(A*/SIC)+ID Solution Cost,Basic-CBS/(A*/SIC)+ID Expanded,Basic-CBS/(A*/SIC)+ID Generated,Basic-CBS/(A*/SIC)+ID Max Group Size,Basic-CBS/(A*/SIC)+ID Min Group Size,Basic-CBS/(A*/SIC)+ID Max Group,Basic-CBS/(A*/SIC)+ID Solution Depth,ICTS 3E +ID Success,ICTS 3E +ID Runtime,ICTS 3E +ID Solution Cost,ICTS 3E +ID Expanded,ICTS 3E +ID Generated,ICTS 3E +ID Max Group Size,ICTS 3E +ID Min Group Size,ICTS 3E +ID Max Group,ICTS 3E +ID Solution Depth,EPEA*+ID Success,EPEA*+ID Runtime,EPEA*+ID Solution Cost,EPEA*+ID Expanded,EPEA*+ID Generated,EPEA*+ID Max Group Size,EPEA*+ID Min Group Size,EPEA*+ID Max Group,EPEA*+ID Solution Depth,
GridName,GridRows,GridColumns,NumOfAgents,NumOfObstacles,InstanceId,BranchingFactor,ObstacleDensity,AvgDistanceToGoal,MaxDistanceToGoal,MinDistanceToGoal,AvgStartDistances,AvgGoalDistances,PointsAtSPRatio,A*+OD+ID Success,A*+OD+ID Runtime,A*+OD+ID Solution Cost,A*+OD+ID Expanded,A*+OD+ID Generated,A*+OD+ID Max Group Size,A*+OD+ID Min Group Size,A*+OD+ID Max Group,A*+OD+ID Solution Depth,MA-CBS-Global-10/(EPEA*/SIC) choosing the first conflict in CBS nodes Success,MA-CBS-Global-10/(EPEA*/SIC) choosing the first conflict in CBS nodes Runtime,MA-CBS-Global-10/(EPEA*/SIC) choosing the first conflict in CBS nodes Solution Cost,MA-CBS-Global-10/(EPEA*/SIC) choosing the first conflict in CBS nodes Expanded (HL),MA-CBS-Global-10/(EPEA*/SIC) choosing the first conflict in CBS nodes Generated (HL),MA-CBS-Global-10/(EPEA*/SIC) choosing the first conflict in CBS nodes Closed List Hits (HL),MA-CBS-Global-10/(EPEA*/SIC) choosing the first conflict in CBS nodes Partial Expansions (HL),MA-CBS-Global-10/(EPEA*/SIC) choosing the first conflict in CBS nodes Adoptions (HL),MA-CBS-Global-10/(EPEA*/SIC) choosing the first conflict in CBS nodes Pruning Successes (HL),MA-CBS-Global-10/(EPEA*/SIC) choosing the first conflict in CBS nodes Pruning Failures (HL),MA-CBS-Global-10/(EPEA*/SIC) choosing the first conflict in CBS nodes Nodes Expanded With Goal Cost (HL),MA-CBS-Global-10/(EPEA*/SIC) choosing the first conflict in CBS nodes Look Ahead Nodes Created (HL),MA-CBS-Global-10/(EPEA*/SIC) choosing the first conflict in CBS nodes Conflicts Bypassed With Adoption (HL),MA-CBS-Global-10/(EPEA*/SIC) choosing the first conflict in CBS nodes Cardinal Conflict Splits (HL),MA-CBS-Global-10/(EPEA*/SIC) choosing the first conflict in CBS nodes Semi-Cardinal Conflict Splits (HL),MA-CBS-Global-10/(EPEA*/SIC) choosing the first conflict in CBS nodes Non-Cardinal Conflict Splits (HL),MA-CBS-Global-10/(EPEA*/SIC) choosing the first conflict in CBS nodes MDDs Built (HL),MA-CBS-Global-10/(EPEA*/SIC) choosing the first conflict in CBS nodes Nodes Pushed Back (HL),MA-CBS-Global-10/(EPEA*/SIC) choosing the first conflict in CBS nodes Restarts (HL),MA-CBS-Global-10/(EPEA*/SIC) choosing the first conflict in CBS nodes Max Group Size (HL),EPEA*/SIC Expanded,EPEA*/SIC Generated,EPEA*/SIC Reopened,EPEA*/SIC BPMX boosts,EPEA*/SIC Closed List Hits,EPEA*/SIC Reopened With Old H,EPEA*/SIC H Updated From Other Area,EPEA*/SIC Max expansion delay,EPEA*/SIC Quick Insertions,EPEA*/SIC Quick Insertions Cancelled,EPEA*/SIC Expanded Full States,MA-CBS-Global-10/(EPEA*/SIC) choosing the first conflict in CBS nodes Quick Insertions,MA-CBS-Global-10/(EPEA*/SIC) choosing the first conflict in CBS nodes Quick Insertions Cancelled,MA-CBS-Global-10/(EPEA*/SIC) choosing the first conflict in CBS nodes Max Group,MA-CBS-Global-10/(EPEA*/SIC) choosing the first conflict in CBS nodes Solution Depth,Basic-CBS/(A*/SIC)+ID Success,Basic-CBS/(A*/SIC)+ID Runtime,Basic-CBS/(A*/SIC)+ID Solution Cost,Basic-CBS/(A*/SIC)+ID Expanded,Basic-CBS/(A*/SIC)+ID Generated,Basic-CBS/(A*/SIC)+ID Max Group Size,Basic-CBS/(A*/SIC)+ID Min Group Size,Basic-CBS/(A*/SIC)+ID Max Group,Basic-CBS/(A*/SIC)+ID Solution Depth,ICTS 3E +ID Success,ICTS 3E +ID Runtime,ICTS 3E +ID Solution Cost,ICTS 3E +ID Expanded,ICTS 3E +ID Generated,ICTS 3E +ID Max Group Size,ICTS 3E +ID Min Group Size,ICTS 3E +ID Max Group,ICTS 3E +ID Solution Depth,EPEA*+ID Success,EPEA*+ID Runtime,EPEA*+ID Solution Cost,EPEA*+ID Expanded,EPEA*+ID Generated,EPEA*+ID Max Group Size,EPEA*+ID Min Group Size,EPEA*+ID Max Group,EPEA*+ID Solution Depth,
Berlin_1_256,256,256,1,17996,2,5,0.2745972,423,423,423,0,0,0.006469727,1,188.9052,423,423,1023,1,1,1,0,1,128.0589,423,0,1,0,0,0,0,0,0,0,0,0,0,0,0,0,0,1,0,0,0,0,0,0,0,0,0,0,0,0,0,1,0,1,101.7788,423,423,1023,1,1,1,0,1,73.1212,423,423,1023,1,1,1,0,1,118.8115,423,423,1023,1,1,1,0,
Berlin_1_256,256,256,2,17996,2,25,0.2745972,382.5,423,342,20.66667,7,0.01170349,1,100.6676,765,765,1876,1,1,1,0,1,0.787900000000263,765,0,1,0,0,0,0,0,0,0,0,0,0,0,0,0,0,1,0,0,0,0,0,0,0,0,0,0,0,0,0,1,0,1,101.9676,765,765,1876,1,1,1,0,1,93.1575000000003,765,765,1876,1,1,1,0,1,98.7813999999998,765,765,1876,1,1,1,0,
Berlin_1_256,256,256,3,17996,2,125,0.2745972,395.333333333333,423,342,106.3333,102.3333,0.01800537,1,137.999300000001,1186,1186,2927,1,1,1,0,1,1.16759999999886,1186,0,1,0,0,0,0,0,0,0,0,0,0,0,0,0,0,1,0,0,0,0,0,0,0,0,0,0,0,0,0,1,0,1,154.748799999999,1186,1186,2927,1,1,1,0,1,163.732099999999,1186,1186,2927,1,1,1,0,1,168.665000000001,1186,1186,2927,1,1,1,0,
Berlin_1_256,256,256,4,17996,2,625,0.2745972,301.5,423,20,97,152,0.01811218,1,221.2783,1206,1206,2979,1,1,1,0,1,317.641600000001,1206,1,2,0,1,0,0,0,1,0,0,0,1,0,0,0,0,1,2337,2570,0,0,1930,0,0,2202,2213,212,2337,1,0,1,0,1,234.002399999998,1206,1206,2979,1,1,1,0,1,236.353599999999,1206,1206,2979,1,1,1,0,1,236.298299999999,1206,1206,2979,1,1,1,0,
Berlin_1_256,256,256,5,17996,2,3125,0.2745972,262,423,20,114.5333,167.8667,0.01928711,1,241.835300000002,1310,1310,3246,1,1,1,0,1,122.613700000002,1310,1,2,0,1,0,0,0,1,0,0,0,1,0,0,0,0,1,2337,2570,0,0,1930,0,0,2202,2213,212,2337,1,0,1,0,1,246.827700000002,1310,1310,3246,1,1,1,0,1,285.1168,1310,1310,3246,1,1,1,0,1,255.014799999997,1310,1310,3246,1,1,1,0,
Berlin_1_256,256,256,6,17996,2,15625,0.2745972,221.666666666667,423,20,107.619,167.5238,0.01960754,1,271.7503,1330,1330,3300,1,1,1,0,1,110.910200000006,1330,1,2,0,1,0,0,0,1,0,0,0,1,0,0,0,0,1,2337,2570,0,0,1930,0,0,2202,2213,212,2337,1,0,1,0,1,271.648699999998,1330,1330,3300,1,1,1,0,1,269.020599999996,1330,1330,3300,1,1,1,0,1,264.345000000001,1330,1330,3300,1,1,1,0,
Berlin_1_256,256,256,7,17996,2,78125,0.2745972,202.857142857143,423,20,143.5,171.4286,0.02099609,1,304.803099999997,1420,1420,3549,1,1,1,0,1,111.147199999999,1420,1,2,0,1,0,0,0,1,0,0,0,1,0,0,0,0,1,2337,2570,0,0,1930,0,0,2202,2213,212,2337,1,0,1,0,1,317.695100000004,1420,1420,3549,1,1,1,0,1,338.456600000005,1420,1420,3549,1,1,1,0,1,298.584300000002,1420,1420,3549,1,1,1,0,
Berlin_1_256,256,256,8,17996,2,390625,0.2745972,186.5,423,20,154.7222,171.7222,0.02166748,1,324.625800000002,1492,1492,3757,1,1,1,0,1,129.189600000005,1492,1,2,0,1,0,0,0,1,0,0,0,1,0,0,0,0,1,2340,2573,0,0,1933,0,0,2202,2215,213,2340,1,0,1,0,1,343.775000000001,1492,1492,3757,1,1,1,0,1,367.784200000002,1492,1492,3757,1,1,1,0,1,340.340599999996,1492,1492,3757,1,1,1,0,
Berlin_1_256,256,256,9,17996,2,1953125,0.2745972,191,423,20,149.2444,171.3333,0.02296448,1,406.136700000003,1719,1719,4330,1,1,1,0,1,107.661500000002,1719,1,2,0,1,0,0,0,1,0,0,0,1,0,0,0,0,1,2340,2573,0,0,1933,0,0,2202,2215,213,2340,1,0,1,0,1,446.543600000005,1719,1719,4330,1,1,1,0,1,423.315300000002,1719,1719,4330,1,1,1,0,1,425.166400000002,1719,1719,4330,1,1,1,0,
Berlin_1_256,256,256,10,17996,2,9765625,0.2745972,193.7,423,20,158.9636,168.0364,0.02471924,1,494.169500000004,1937,1937,4828,1,1,1,0,1,102.491499999989,1937,1,2,0,1,0,0,0,1,0,0,0,1,0,0,0,0,1,2340,2573,0,0,1933,0,0,2202,2215,213,2340,1,0,1,0,1,532.842099999994,1937,1937,4828,1,1,1,0,1,563.678800000009,1937,1937,4828,1,1,1,0,1,508.036899999992,1937,1937,4828,1,1,1,0,
Berlin_1_256,256,256,11,17996,2,48828125,0.2745972,201.363636363636,423,20,169.2121,172.1818,0.02519226,1,662.791500000007,2215,2231,5547,1,1,1,0,1,191.080999999991,2215,2,4,0,1,0,0,0,2,0,0,0,1,1,0,0,0,1,3359,4225,0,0,2197,0,0,2202,3183,584,3359,3,0,1,0,1,647.147200000007,2215,2231,5547,1,1,1,0,1,736.582599999994,2215,2231,5547,1,1,1,0,1,694.247999999992,2215,2231,5547,1,1,1,0,
Berlin_1_256,256,256,12,17996,2,244140625,0.2745972,196.583333333333,423,20,162.7436,180.0897,0.02622986,1,688.423500000004,2359,2375,5912,1,1,1,0,1,180.351399999985,2359,2,4,0,1,0,0,0,2,0,0,0,1,1,0,0,0,1,3359,4225,0,0,2197,0,0,2202,3183,584,3359,3,0,1,0,1,669.691099999996,2359,2375,5912,1,1,1,0,1,670.309399999998,2359,2375,5912,1,1,1,0,1,676.60579999999,2359,2375,5912,1,1,1,0,
Berlin_1_256,256,256,13,17996,2,1220703125,0.2745972,208.230769230769,423,20,163.1429,180.8132,0.02670288,1,825.497700000007,2707,2723,6739,1,1,1,0,1,558.306699999986,2707,3,6,0,1,0,0,0,3,0,0,0,1,2,0,0,0,1,12425,13702,1,0,10205,0,0,6672,11771,1082,12425,4,1,1,0,1,910.671300000016,2707,2723,6739,1,1,1,0,1,901.319900000002,2707,2723,6739,1,1,1,0,1,833.541000000027,2707,2723,6739,1,1,1,0,
Berlin_1_256,256,256,14,17996,2,6103515625,0.2745972,224,429,20,170.8762,184.6667,0.02944946,1,966.939299999998,3136,3152,7813,1,1,1,0,1,574.607699999993,3136,3,6,0,1,0,0,0,3,0,0,0,1,2,0,0,0,1,12425,13702,1,0,10205,0,0,6672,11771,1082,12425,4,1,1,0,1,963.121400000004,3136,3152,7813,1,1,1,0,1,950.988799999992,3136,3152,7813,1,1,1,0,1,951.038,3136,3152,7813,1,1,1,0,
Berlin_1_256,256,256,15,17996,2,30517578125,0.2745972,209.266666666667,429,3,167.35,181.3667,0.0295105,1,990.468400000012,3139,3155,7824,1,1,1,0,1,629.718500000017,3139,3,6,0,1,0,0,0,3,0,0,0,1,2,0,0,0,1,12425,13702,1,0,10205,0,0,6672,11771,1082,12425,4,1,1,0,1,1018.0662,3139,3155,7824,1,1,1,0,1,1038.36290000001,3139,3155,7824,1,1,1,0,1,976.664500000014,3139,3155,7824,1,1,1,0,
Berlin_1_256,256,256,16,17996,2,152587890625,0.2745972,210.375,429,3,167.1544,185.0662,0.0324707,1,1146.46000000002,3366,3384,8314,1,1,1,0,1,612.073300000047,3366,3,6,0,1,0,0,0,3,0,0,0,1,2,0,0,0,1,12425,13702,1,0,10205,0,0,6672,11771,1082,12425,4,1,1,0,1,1181.84730000002,3366,3384,8314,1,1,1,0,1,1146.87099999998,3366,3384,8314,1,1,1,0,1,1144.92790000001,3366,3384,8314,1,1,1,0,
Berlin_1_256,256,256,17,17996,2,762939453125,0.2745972,203.882352941176,429,3,169.7647,182.902,0.03395081,1,1265.1151,3466,3484,8576,1,1,1,0,1,683.002099999983,3466,3,6,0,1,0,0,0,3,0,0,0,1,2,0,0,0,1,12425,13702,1,0,10205,0,0,6672,11771,1082,12425,4,1,1,0,1,1353.88030000002,3466,3484,8576,1,1,1,0,1,1253.86489999999,3466,3484,8576,1,1,1,0,1,1245.27720000001,3466,3484,8576,1,1,1,0,
Berlin_1_256,256,256,18,17996,2,3814697265625,0.2745972,193.333333333333,429,3,169.9181,180.0819,0.03417969,1,401.923999999999,3480,3498,8619,1,1,1,0,1,187.542399999977,3480,3,6,0,1,0,0,0,3,0,0,0,1,2,0,0,0,1,12425,13702,1,0,10205,0,0,6672,11771,1082,12425,4,1,1,0,1,380.449999999953,3480,3498,8619,1,1,1,0,1,379.5625,3480,3498,8619,1,1,1,0,1,376.157000000007,3480,3498,8619,1,1,1,0,
Berlin_1_256,256,256,19,17996,2,19073486328125,0.2745972,201.894736842105,429,3,171.9474,189.4105,0.03936768,1,444.112399999984,3836,3854,9558,1,1,1,0,1,171.082999999984,3836,3,6,0,1,0,0,0,3,0,0,0,1,2,0,0,0,1,12421,13699,1,0,10201,0,0,6668,11767,1082,12421,4,1,1,0,1,437.894499999995,3836,3854,9558,1,1,1,0,1,444.405700000003,3836,3854,9558,1,1,1,0,1,430.087499999965,3836,3854,9558,1,1,1,0,
Berlin_1_256,256,256,20,17996,2,95367431640625,0.2745972,215.05,465,3,177.6857,197.1952,0.04231262,1,550.218900000036,4301,4319,10721,1,1,1,0,1,197.832799999975,4301,4,8,0,1,0,0,0,4,0,0,0,1,3,0,0,0,1,13959,15854,2,0,10960,0,0,6668,13213,1489,13959,5,2,1,0,1,531.669099999999,4301,4319,10721,1,1,1,0,1,540.599099999992,4301,4319,10721,1,1,1,0,1,539.476099999971,4301,4319,10721,1,1,1,0,
Berlin_1_256,256,256,21,17996,2,476837158203125,0.2745972,214.095238095238,465,3,177.3247,197.7662,0.04466248,1,2043.0821,4496,4514,11247,1,1,1,0,1,801.032799999928,4496,4,8,0,1,0,0,0,4,0,0,0,1,3,0,0,0,1,13959,15854,2,0,10960,0,0,6668,13213,1489,13959,5,2,1,0,1,2043.44030000002,4496,4514,11247,1,1,1,0,1,2166.65799999994,4496,4514,11247,1,1,1,0,1,1975.25970000005,4496,4514,11247,1,1,1,0,
Berlin_1_256,256,256,22,17996,2,2.38418579101563E+15,0.2745972,210.409090909091,465,3,176.7312,194.9565,0.04537964,1,2398.37569999998,4629,4647,11603,1,1,1,0,1,765.874900000053,4629,4,8,0,1,0,0,0,4,0,0,0,1,3,0,0,0,1,13959,15854,2,0,10960,0,0,6668,13213,1489,13959,5,2,1,0,1,2215.02399999998,4629,4647,11603,1,1,1,0,1,2255.94809999992,4629,4647,11603,1,1,1,0,1,2374.93610000005,4629,4647,11603,1,1,1,0,
Berlin_1_256,256,256,23,17996,2,1.19209289550781E+16,0.2745972,201.608695652174,465,3,177.8551,193.9493,0.04551697,1,2637.46679999994,4637,4655,11628,1,1,1,0,1,756.16399999999,4637,4,8,0,1,0,0,0,4,0,0,0,1,3,0,0,0,1,13959,15854,2,0,10960,0,0,6668,13213,1489,13959,5,2,1,0,1,2472.74979999999,4637,4655,11628,1,1,1,0,1,2555.22070000006,4637,4655,11628,1,1,1,0,1,2787.98930000002,4637,4655,11628,1,1,1,0,
Berlin_1_256,256,256,24,17996,2,5.96046447753906E+16,0.2745972,211.375,465,3,180.2967,199.24,0.04675293,1,2481.47159999993,5073,5099,12727,1,1,1,0,1,896.939600000042,5073,5,10,0,1,0,0,0,5,0,0,0,1,4,0,0,0,1,14830,17319,3,0,11143,0,0,6668,14045,1816,14830,6,3,1,0,1,2637.15510000009,5073,5099,12727,1,1,1,0,1,2808.2355999999,5073,5099,12727,1,1,1,0,1,2519.06420000002,5073,5099,12727,1,1,1,0,
Berlin_1_256,256,256,25,17996,2,2.98023223876953E+17,0.2745972,219.4,465,3,185.6246,202.0246,0.04966736,1,2842.32799999998,5485,5511,13786,1,1,1,0,1,799.575700000161,5485,5,10,0,1,0,0,0,5,0,0,0,1,4,0,0,0,1,14828,17318,3,0,11141,0,0,6666,14043,1816,14828,6,3,1,0,1,2760.81350000016,5485,5511,13786,1,1,1,0,1,2912.00380000006,5485,5511,13786,1,1,1,0,1,2765.71889999998,5485,5511,13786,1,1,1,0,
Berlin_1_256,256,256,26,17996,2,1.49011611938477E+18,0.2745972,214.615384615385,465,3,183.396,199.2422,0.0511322,1,2995.48140000016,5580,5606,13992,1,1,1,0,1,814.092799999984,5580,5,10,0,1,0,0,0,5,0,0,0,1,4,0,0,0,1,14827,17318,3,0,11139,0,0,6666,14041,1817,14827,6,3,1,0,1,2888.83520000009,5580,5606,13992,1,1,1,0,1,2943.23109999998,5580,5606,13992,1,1,1,0,1,3063.28110000002,5580,5606,13992,1,1,1,0,
Berlin_1_256,256,256,27,17996,2,7.45058059692383E+18,0.2745972,222.444444444444,465,3,187.6931,201.0106,0.05172729,1,3280.09389999998,6006,6032,15081,1,1,1,0,1,885.995600000024,6006,5,10,0,1,0,0,0,5,0,0,0,1,4,0,0,0,1,14826,17317,3,0,11138,0,0,6666,14039,1818,14826,6,3,1,0,1,3159.08199999994,6006,6032,15081,1,1,1,0,1,3188.39400000009,6006,6032,15081,1,1,1,0,1,3278.19310000003,6006,6032,15081,1,1,1,0,
Berlin_1_256,256,256,28,17996,2,3.72529029846191E+19,0.2745972,223.785714285714,465,3,189.9113,199.1281,0.05458069,1,3385.98090000008,6266,6292,15755,1,1,1,0,1,810.677299999865,6266,5,10,0,1,0,0,0,5,0,0,0,1,4,0,0,0,1,14825,17317,3,0,11137,0,0,6666,14037,1819,14825,6,3,1,0,1,3357.33629999985,6266,6292,15755,1,1,1,0,1,3533.68330000015,6266,6292,15755,1,1,1,0,1,3567.28120000008,6266,6292,15755,1,1,1,0,
Berlin_1_256,256,256,29,17996,2,1.86264514923096E+20,0.2745972,223.689655172414,465,3,189.0988,196.8506,0.05671692,1,3764.01830000011,6487,6513,16344,1,1,1,0,1,723.855599999893,6487,4,8,0,1,0,0,0,4,0,0,0,1,3,0,0,0,1,13034,14804,1,0,10216,0,0,6666,12370,1380,13034,4,1,1,0,1,3776.65470000007,6487,6513,16344,1,1,1,0,1,3942.79160000011,6487,6513,16344,1,1,1,0,1,3781.71249999991,6487,6513,16344,1,1,1,0,
Berlin_1_256,256,256,30,17996,2,9.31322574615479E+20,0.2745972,224.8,465,3,191.5269,194.6753,0.05865479,1,4038.58549999981,6744,6770,17021,1,1,1,0,1,748.250499999849,6744,4,8,0,1,0,0,0,4,0,0,0,1,3,0,0,0,1,13033,14804,1,0,10214,0,0,6665,12368,1381,13033,4,1,1,0,1,3963.62640000018,6744,6770,17021,1,1,1,0,1,4009.29419999989,6744,6770,17021,1,1,1,0,1,4056.74399999995,6744,6770,17021,1,1,1,0,
Berlin_1_256,256,256,31,17996,2,4.65661287307739E+21,0.2745972,227.516129032258,465,3,192.7903,194.4798,0.06246948,1,4213.81469999999,7053,7079,17833,1,1,1,0,1,727.802200000035,7053,4,8,0,1,0,0,0,4,0,0,0,1,3,0,0,0,1,13033,14805,2,0,10214,0,0,6665,12367,1382,13033,4,1,1,0,1,4187.16540000006,7053,7079,17833,1,1,1,0,1,4411.61580000003,7053,7079,17833,1,1,1,0,1,4169.12999999989,7053,7079,17833,1,1,1,0,
Berlin_1_256,256,256,32,17996,2,2.3283064365387E+22,0.2745972,222.21875,465,3,189.8144,192.9754,0.06283569,1,4737.20839999989,7111,7140,17983,1,1,1,0,1,775.150400000159,7111,5,10,0,1,0,0,0,5,0,0,0,1,4,0,0,0,1,13318,15374,3,0,10214,0,0,6665,12652,1567,13318,5,1,1,0,1,4366.49269999983,7111,7140,17983,1,1,1,0,1,4855.68540000031,7111,7140,17983,1,1,1,0,1,4444.97800000012,7111,7140,17983,1,1,1,0,
Berlin_1_256,256,256,33,17996,2,1.16415321826935E+23,0.2745972,218.424242424242,465,3,188.5098,190.7558,0.06396484,1,5079.42680000002,7208,7237,18243,1,1,1,0,1,927.92249999987,7208,6,12,0,1,0,0,0,6,0,0,0,1,5,0,0,0,1,13664,15934,3,0,10306,0,0,6665,12983,1665,13664,5,1,1,0,1,4584.77410000004,7208,7237,18243,1,1,1,0,1,5008.6540000001,7208,7237,18243,1,1,1,0,1,4841.53569999989,7208,7237,18243,1,1,1,0,
Berlin_1_256,256,256,34,17996,2,5.82076609134674E+23,0.2745972,216.117647058824,465,3,187.9546,188.7378,0.06489563,1,5030.41779999994,7348,7377,18620,1,1,1,0,1,944.951699999627,7348,6,12,0,1,0,0,0,6,0,0,0,1,5,0,0,0,1,13664,15934,3,0,10306,0,0,6665,12983,1665,13664,5,1,1,0,1,4963.5085,7348,7377,18620,1,1,1,0,1,5470.58869999973,7348,7377,18620,1,1,1,0,1,5241.03239999991,7348,7377,18620,1,1,1,0,
Berlin_1_256,256,256,35,17996,2,2.91038304567337E+24,0.2745972,222.257142857143,465,3,190.6635,191.5936,0.06629944,1,5441.4058000003,7779,7810,19679,1,1,1,0,1,1016.87019999977,7779,8,16,0,1,0,0,0,8,0,0,0,1,7,0,0,0,1,16276,19810,7,0,11376,0,0,6665,15446,2436,16276,8,3,1,0,1,5471.95459999982,7779,7810,19679,1,1,1,0,1,5570.18400000036,7779,7810,19679,1,1,1,0,1,4351.49770000018,7779,7810,19679,1,1,1,0,
Berlin_1_256,256,256,36,17996,2,1.45519152283669E+25,0.2745972,223.638888888889,465,3,191.6682,190.8619,0.06756592,1,5718.81410000008,8051,8101,20429,1,1,1,0,1,1048.13510000007,8051,8,16,0,1,0,0,0,8,0,0,0,1,7,0,0,0,1,16985,20360,7,0,12074,0,0,6665,16065,2391,16985,7,4,1,0,1,5987.21799999988,8051,8101,20429,1,1,1,0,1,5780.71380000003,8051,8101,20429,1,1,1,0,1,5940.92859999975,8051,8101,20429,1,1,1,0,
Berlin_1_256,256,256,37,17996,2,7.27595761418343E+25,0.2745972,224.594594594595,465,3,193.6102,189.6984,0.07011414,1,6240.57709999988,8310,8363,21073,1,1,1,0,1,967.999500000384,8310,8,16,0,1,0,0,0,8,0,0,0,1,7,0,0,0,1,16095,19330,4,0,11447,0,0,6665,15247,2183,16095,8,1,1,0,1,5941.94519999996,8310,8363,21073,1,1,1,0,1,6025.90510000009,8310,8363,21073,1,1,1,0,1,6241.72299999977,8310,8363,21073,1,1,1,0,
Berlin_1_256,256,256,38,17996,2,3.63797880709171E+26,0.2745972,222.315789473684,465,3,192.5601,187.7206,0.07099915,1,6299.72900000028,8448,8501,21393,1,1,1,0,1,1001.1810999997,8448,8,16,0,1,0,0,0,8,0,0,0,1,7,0,0,0,1,16094,19330,4,0,11445,0,0,6665,15245,2184,16094,8,1,1,0,1,6568.21500000032,8448,8501,21393,1,1,1,0,1,6407.98820000002,8448,8501,21393,1,1,1,0,1,6551.90390000027,8448,8501,21393,1,1,1,0,
Berlin_1_256,256,256,39,17996,2,1.81898940354586E+27,0.2745972,219.846153846154,465,3,190.8615,186.9692,0.07209778,1,6875.10440000007,8574,8627,21670,1,1,1,0,1,1197.37850000011,8574,8,16,0,1,0,0,0,8,0,0,0,1,7,0,0,0,1,16094,19330,4,0,11445,0,0,6665,15245,2184,16094,8,1,1,0,1,6738.71739999997,8574,8627,21670,1,1,1,0,1,6598.80989999976,8574,8627,21670,1,1,1,0,1,6719.14710000018,8574,8627,21670,1,1,1,0,
Berlin_1_256,256,256,40,17996,2,9.09494701772928E+27,0.2745972,218.675,465,3,188.5549,188.839,0.07331848,1,7089.02300000004,8747,8800,22135,1,1,1,0,1,1042.4561999999,8747,8,16,0,1,0,0,0,8,0,0,0,1,7,0,0,0,1,16094,19312,4,0,11445,0,0,6665,15245,2165,16094,8,1,1,0,1,7230.93329999968,8747,8800,22135,1,1,1,0,1,7044.07990000024,8747,8800,22135,1,1,1,0,1,7318.70399999991,8747,8800,22135,1,1,1,0,
Berlin_1_256,256,256,41,17996,2,4.54747350886464E+28,0.2745972,223.390243902439,465,3,190.8873,189.5703,0.07359314,1,7502.56240000017,9159,9231,23173,1,1,1,0,1,1188.60109999962,9159,8,16,0,1,0,0,0,8,0,0,0,1,7,0,0,0,1,16094,19312,4,0,11445,0,0,6665,15245,2165,16094,8,1,1,0,1,7541.15899999999,9159,9231,23173,1,1,1,0,1,7466.98249999993,9159,9231,23173,1,1,1,0,1,7613.49250000063,9159,9231,23173,1,1,1,0,
Berlin_1_256,256,256,42,17996,2,2.27373675443232E+29,0.2745972,221.380952380952,465,3,190.7586,187.6711,0.0741272,1,7664.83240000065,9298,9370,23526,1,1,1,0,1,1153.31489999965,9298,8,16,0,1,0,0,0,8,0,0,0,1,7,0,0,0,1,16094,19312,4,0,11445,0,0,6665,15245,2165,16094,8,1,1,0,1,7741.59420000017,9298,9370,23526,1,1,1,0,1,8074.81199999992,9298,9370,23526,1,1,1,0,1,8048.91420000046,9298,9370,23526,1,1,1,0,
Berlin_1_256,256,256,43,17996,2,1.13686837721616E+30,0.2745972,224.348837209302,465,3,193.1501,189.7209,0.07679749,1,8285.27249999996,9647,9728,24452,1,1,1,0,1,1395.06220000051,9647,11,22,0,1,0,0,0,11,0,0,0,1,10,0,0,0,1,20634,25324,10,0,13904,0,0,6665,19472,3091,20634,11,6,1,0,1,8265.28689999972,9647,9728,24452,1,1,1,0,1,8042.4095999999,9647,9728,24452,1,1,1,0,1,8240.42849999946,9647,9728,24452,1,1,1,0,
Berlin_1_256,256,256,44,17996,2,5.6843418860808E+30,0.2745972,226.5,465,3,194.4192,193.0535,0.07893372,1,2601.90749999974,9966,10047,25278,1,1,1,0,1,429.160799999721,9966,10,20,0,1,0,0,0,10,0,0,0,1,9,0,0,0,1,22490,26703,6,0,16472,0,0,6665,21419,2612,22490,10,3,1,0,1,2608.65599999949,9966,10047,25278,1,1,1,0,1,2638.11139999982,9966,10047,25278,1,1,1,0,1,2584.46559999976,9966,10047,25278,1,1,1,0,
Berlin_1_256,256,256,45,17996,2,2.8421709430404E+31,0.2745972,228.888888888889,465,3,196.8425,192.9894,0.08032227,1,9265.66199999955,10300,10381,26065,1,1,1,0,1,1656.10660000052,10300,10,20,0,1,0,0,0,10,0,0,0,1,9,0,0,0,1,22470,26683,5,0,16452,0,0,6643,21397,2612,22470,9,3,1,0,1,9178.61429999955,10300,10381,26065,1,1,1,0,1,9307.84310000017,10300,10381,26065,1,1,1,0,1,8989.10569999926,10300,10381,26065,1,1,1,0,
Berlin_1_256,256,256,46,17996,2,1.4210854715202E+32,0.2745972,224.695652173913,465,3,196.1267,193.4977,0.08084106,1,9257.09640000016,10336,10417,26154,1,1,1,0,1,1573.15110000037,10336,11,21,0,2,0,0,0,11,0,0,0,2,9,0,0,0,1,22560,26863,5,0,16452,0,0,6643,21487,2619,22560,10,3,1,0,1,9719.47869999986,10336,10417,26154,1,1,1,0,1,9539.58820000011,10336,10417,26154,1,1,1,0,1,9488.4291999992,10336,10417,26154,1,1,1,0,
Berlin_1_256,256,256,47,17996,2,7.105427357601E+32,0.2745972,224.914893617021,465,3,195.2429,192.8209,0.08306885,1,9627.57239999995,10571,10652,26787,1,1,1,0,1,1829.75499999989,10571,14,26,0,3,0,0,0,14,0,0,0,3,11,0,0,0,1,26196,31831,10,0,18267,0,0,6629,24863,3486,26196,13,6,1,0,1,9917.33690000046,10571,10652,26787,1,1,1,0,1,9898.77070000023,10571,10652,26787,1,1,1,0,1,9822.4796000002,10571,10652,26787,1,1,1,0,
Berlin_1_256,256,256,48,17996,2,3.5527136788005E+33,0.2745972,227.291666666667,465,3,196.2355,193.574,0.08413696,1,10423.949,10910,11009,27645,1,1,1,0,1,2059.75780000072,10910,15,28,0,3,0,0,0,15,0,0,0,3,12,0,0,0,1,26784,32828,11,0,18388,0,0,6618,25422,3696,26784,14,7,1,0,1,10312.4101999998,10910,11009,27645,1,1,1,0,1,10527.0550000006,10910,11009,27645,1,1,1,0,1,10450.9302999992,10910,11009,27645,1,1,1,0,
Berlin_1_256,256,256,49,17996,2,1.77635683940025E+34,0.2745972,225.836734693878,465,3,194.6694,193.9216,0.08514404,1,10440.0718,11066,11165,28077,1,1,1,0,1,1919.16789999977,11066,15,28,0,3,0,0,0,15,0,0,0,3,12,0,0,0,1,26785,32831,12,0,18388,0,0,6618,25421,3698,26785,14,7,1,0,1,10848.7502999995,11066,11165,28077,1,1,1,0,1,10722.3178000003,11066,11165,28077,1,1,1,0,1,10772.9611,11066,11165,28077,1,1,1,0,
Berlin_1_256,256,256,50,17996,2,8.88178419700125E+34,0.2745972,229.48,465,3,197.96,193.8612,0.08827209,1,11205.6451000012,11474,11573,29132,1,1,1,0,1,1756.4310999997,11474,14,26,0,3,0,0,0,14,0,0,0,3,11,0,0,0,1,25295,30813,7,0,17623,0,0,6618,24034,3320,25295,13,4,1,0,1,11507.5861000009,11474,11573,29132,1,1,1,0,1,11206.8088999987,11474,11573,29132,1,1,1,0,1,11593.4161999989,11474,11573,29132,1,1,1,0,
Berlin_1_256,256,256,51,17996,2,4.44089209850063E+35,0.2745972,227.549019607843,465,3,197.6456,192.2624,0.08848572,1,11424.7425000016,11605,11704,29453,1,1,1,0,1,1893.19340000115,11605,14,26,0,3,0,0,0,14,0,0,0,3,11,0,0,0,1,25291,30813,7,0,17615,0,0,6618,24030,3320,25291,13,4,1,0,1,11509.7800999992,11605,11704,29453,1,1,1,0,1,12244.105800001,11605,11704,29453,1,1,1,0,1,13114.1759000011,11605,11704,29453,1,1,1,0,
Berlin_1_256,256,256,52,17996,2,2.22044604925031E+36,0.2745972,228.423076923077,465,3,199.299,195.2496,0.08885193,1,12620.0147999991,11879,16231,43917,2,1,2,1,1,30599.9566000011,11879,30,52,1,4,0,0,0,11,0,0,5,4,17,0,0,0,2,232095,235793,56,0,520495,0,0,51339,204432,16712,225965,20,6,2,1,1,13301.4987000003,11879,12262,30669,2,1,2,1,1,59970.8964999989,11879,12256,30653,2,1,2,1,1,13331.1434000004,11879,14605,33364,2,1,2,1,
Berlin_1_256,256,256,53,17996,2,1.11022302462516E+37,0.2745972,225.283018867925,465,3,197.7876,194.4207,0.08978271,1,13167.2561000008,11941,16293,44104,2,1,2,1,1,32971.4350000005,11941,30,52,1,4,0,0,0,11,0,0,5,4,17,0,0,0,2,232094,235793,56,0,520493,0,0,51339,204431,16712,225964,20,6,2,1,1,14562.5875000004,11941,12324,30856,2,1,2,1,1,56691.8347000014,11941,12318,30840,2,1,2,1,1,12774.1936000008,11941,14667,33551,2,1,2,1,
Berlin_1_256,256,256,54,17996,2,5.55111512312578E+37,0.2745972,225.666666666667,465,3,198.0155,193.2276,0.09031677,1,13996.8177000005,12187,16560,44766,2,1,2,1,1,30212.9907000009,12187,31,54,1,4,0,0,0,12,0,0,5,4,18,0,0,0,2,232020,236717,57,0,518648,0,0,50826,204469,16624,225890,21,7,2,1,1,14737.1403000001,12187,12591,31518,2,1,2,1,1,56687.760400001,12187,12585,31502,2,1,2,1,1,13454.0423000008,12187,14934,34213,2,1,2,1,
Berlin_1_256,256,256,55,17996,2,2.77555756156289E+38,0.2745972,227.745454545455,465,3,197.6013,194.2,0.09197998,1,16920.3015000001,12527,16900,45617,2,1,2,1,1,32202.5074000005,12527,35,58,1,8,0,0,0,12,0,0,5,8,18,0,0,0,2,233490,239552,60,0,518758,0,0,50826,205928,17579,227360,25,7,2,1,1,15521.1520000007,12527,12931,32369,2,1,2,1,1,58674.5854000002,12527,12925,32353,2,1,2,1,1,14366.0921999998,12527,15274,35064,2,1,2,1,
Berlin_1_256,256,256,56,17996,2,1.38777878078145E+39,0.2745972,224.410714285714,465,3,195.9962,192.74,0.09204102,1,15638.2730999999,12568,16941,45711,2,1,2,1,1,32675.5015999991,12568,35,58,1,8,0,0,0,12,0,0,5,8,18,0,0,0,2,233485,239552,60,0,518748,0,0,50826,205918,17584,227355,25,7,2,1,1,16880.0499000009,12568,12972,32463,2,1,2,1,1,58151.5459000003,12568,12966,32447,2,1,2,1,1,14633.6491999999,12568,15315,35158,2,1,2,1,
Berlin_1_256,256,256,57,17996,2,6.93889390390723E+39,0.2745972,222.473684210526,465,3,195.274,192.4271,0.09362793,1,15518.6177999992,12682,17055,45973,2,1,2,1,1,31999.5211999994,12682,35,58,1,8,0,0,0,12,0,0,5,8,18,0,0,0,2,233375,239407,60,0,518685,0,0,50826,205814,17578,227245,25,7,2,1,1,16597.9541999996,12682,13086,32725,2,1,2,1,1,60940.9104999993,12682,13080,32709,2,1,2,1,1,15114.6984999999,12682,15429,35420,2,1,2,1,
Berlin_1_256,256,256,58,17996,2,3.46944695195361E+40,0.2745972,226.379310344828,465,3,197.2472,193.9182,0.09446716,1,15797.9978,13131,17504,47102,2,1,2,1,1,31886.5465000011,13131,35,58,1,8,0,0,0,12,0,0,5,8,18,0,0,0,2,233375,239407,60,0,518685,0,0,50826,205812,17578,227245,25,7,2,1,1,16731.9595999997,13131,13535,33854,2,1,2,1,1,60185.0362999998,13131,13529,33838,2,1,2,1,1,15895.4876000006,13131,15878,36549,2,1,2,1,
Berlin_1_256,256,256,59,17996,2,1.73472347597681E+41,0.2745972,222.576271186441,465,2,197.4915,193.9254,0.09451294,1,16305.190200001,13133,17506,47110,2,1,2,1,1,32355.4130000006,13133,35,58,1,8,0,0,0,12,0,0,5,8,18,0,0,0,2,233375,239407,60,0,518685,0,0,50826,205797,17545,227245,25,7,2,1,1,17108.9206000008,13133,13537,33862,2,1,2,1,1,63495.6568,13133,13531,33846,2,1,2,1,1,16368.629999999,13133,15880,36557,2,1,2,1,
Berlin_1_256,256,256,60,17996,2,8.67361737988404E+41,0.2745972,219.333333333333,465,2,197.4541,194.1776,0.09494019,1,16702.4445999991,13161,17534,47195,2,1,2,1,1,32555.1080999989,13161,35,58,1,8,0,0,0,12,0,0,5,8,18,0,0,0,2,233375,239407,60,0,518685,0,0,50826,205797,17545,227245,25,7,2,1,1,17812.6009,13161,13565,33947,2,1,2,1,1,62220.9419999998,13161,13559,33931,2,1,2,1,1,16609.3081999999,13161,15908,36642,2,1,2,1,
Berlin_1_256,256,256,61,17996,2,4.33680868994202E+42,0.2745972,218.967213114754,465,2,196.8842,193.4024,0.09642029,1,17863.3161999993,13358,17871,47982,2,1,2,1,1,132073.113400001,13358,70,105,1,13,0,0,0,13,0,0,5,13,30,0,0,0,2,851039,859292,194,0,2146276,0,0,50826,744864,61074,832129,51,10,2,1,1,18034.5993999988,13358,13902,34734,2,1,2,1,1,63458.1667999998,13358,13896,34718,2,1,2,1,1,16952.7588999998,13358,16245,37429,2,1,2,1,
Berlin_1_256,256,256,62,17996,2,2.16840434497101E+43,0.2745972,216.322580645161,465,2,195.3016,192.17,0.09707642,1,18277.1705999989,13413,17926,48109,2,1,2,1,1,131120.896899998,13413,70,105,1,13,0,0,0,13,0,0,5,13,30,0,0,0,2,851039,859292,194,0,2146276,0,0,50826,744864,61074,832129,51,10,2,1,1,19060.495199997,13413,13957,34861,2,1,2,1,1,62512.2875999995,13413,13951,34845,2,1,2,1,1,17741.1543000005,13413,16300,37556,2,1,2,1,
Berlin_1_256,256,256,63,17996,2,1.0842021724855E+44,0.2745972,219.555555555556,465,2,198.121,193.4891,0.09776306,1,18879.4127999991,13833,18346,49131,2,1,2,1,1,131141.537100002,13833,70,105,1,13,0,0,0,13,0,0,5,13,30,0,0,0,2,851038,859292,194,0,2146275,0,0,50826,744863,61073,832128,51,10,2,1,1,20148.5754000023,13833,14377,35883,2,1,2,1,1,62987.1398000009,13833,14371,35867,2,1,2,1,1,18715.8341000006,13833,16720,38578,2,1,2,1,
Berlin_1_256,256,256,64,17996,2,5.42101086242752E+44,0.2745972,216.96875,465,2,196.8769,192.6202,0.09855652,1,18610.7789999992,13887,18400,49281,2,1,2,1,1,86894.6239,13887,70,105,1,13,0,0,0,13,0,0,5,13,30,0,0,0,2,851023,859379,282,0,2146238,0,0,50821,744488,61065,832113,51,10,2,1,1,5803.66839999706,13887,14431,36033,2,1,2,1,1,17704.3968000002,13887,14425,36017,2,1,2,1,1,5556.91379999742,13887,16774,38728,2,1,2,1,
Berlin_1_256,256,256,65,17996,2,2.71050543121376E+45,0.2745972,216.384615384615,465,2,196.1902,191.7949,0.09857178,1,22689.1063000001,14066,18582,49716,2,1,2,1,1,136133.852899998,14066,71,107,1,13,0,0,0,14,0,0,5,13,31,0,0,0,2,851342,860013,282,0,2146238,0,0,50821,744807,61257,832432,52,11,2,1,1,20094.2421999983,14066,14613,36468,2,1,2,1,1,64405.8242000006,14066,14607,36452,2,1,2,1,1,19102.1631000005,14066,16956,39163,2,1,2,1,
Berlin_1_256,256,256,66,17996,2,1.35525271560688E+46,0.2745972,214.045454545455,465,2,195.2487,191.5197,0.09899902,1,19877.3251000009,14128,18644,49875,2,1,2,1,1,138441.193400003,14128,71,107,1,13,0,0,0,14,0,0,5,13,31,0,0,0,2,851341,860013,282,0,2146236,0,0,50821,744805,61258,832431,52,11,2,1,1,20977.4740000032,14128,14675,36627,2,1,2,1,1,65813.7026000023,14128,14669,36611,2,1,2,1,1,20108.1647999994,14128,17018,39322,2,1,2,1,
Berlin_1_256,256,256,67,17996,2,6.7762635780344E+46,0.2745972,213.970149253731,465,2,195.0904,192.5733,0.1001129,1,20589.0232999995,14337,18882,50442,2,1,2,1,1,135446.1822,14337,69,103,1,13,0,0,0,12,0,0,5,13,29,0,0,0,2,848682,856231,277,0,2145086,0,0,50821,742327,60478,829772,50,8,2,1,1,21375.0485000014,14337,14913,37194,2,1,2,1,1,66731.3970999978,14337,14907,37178,2,1,2,1,1,22299.2428000011,14337,17256,39889,2,1,2,1,
Berlin_1_256,256,256,68,17996,2,3.3881317890172E+47,0.2745972,211.764705882353,465,2,194.0081,192.3244,0.1002655,0,300039.847899999,-2,32345,75402,3,1,3,1,0,300002.5024,-2,148,200,1,32,0,0,0,90,0,0,5,32,48,0,0,0,2,1616268,1552456,2703,0,4191091,0,0,83867,1344591,106715,1474690,95,21,2,1,1,54276.6048000008,14405,14996,37396,7,1,7,5,1,101366.116999999,14405,15001,37430,3,1,3,5,1,236031.742900003,14405,399749,238147,3,1,3,5,
Berlin_1_256,256,256,69,17996,2,1.6940658945086E+48,0.2745972,210.159420289855,465,2,193.0468,192.0704,0.1009827,0,300000,irrelevant,irrelevant,irrelevant,irrelevant,irrelevant,irrelevant,irrelevant,0,300000,irrelevant,irrelevant,irrelevant,irrelevant,irrelevant,irrelevant,irrelevant,irrelevant,irrelevant,irrelevant,irrelevant,irrelevant,irrelevant,irrelevant,irrelevant,irrelevant,irrelevant,irrelevant,irrelevant,irrelevant,irrelevant,irrelevant,irrelevant,irrelevant,irrelevant,irrelevant,irrelevant,irrelevant,irrelevant,irrelevant,irrelevant,irrelevant,irrelevant,1,56060.4737999998,14506,15130,37729,7,1,7,5,1,102812.2489,14506,15135,37763,3,1,3,5,1,239647.346799999,14506,399883,238480,3,1,3,5,
Berlin_1_256,256,256,70,17996,2,8.470329472543E+48,0.2745972,209.228571428571,465,2,193.2056,191.3223,0.1024323,0,300000,irrelevant,irrelevant,irrelevant,irrelevant,irrelevant,irrelevant,irrelevant,0,300000,irrelevant,irrelevant,irrelevant,irrelevant,irrelevant,irrelevant,irrelevant,irrelevant,irrelevant,irrelevant,irrelevant,irrelevant,irrelevant,irrelevant,irrelevant,irrelevant,irrelevant,irrelevant,irrelevant,irrelevant,irrelevant,irrelevant,irrelevant,irrelevant,irrelevant,irrelevant,irrelevant,irrelevant,irrelevant,irrelevant,irrelevant,irrelevant,irrelevant,1,56493.3029000014,14651,15275,38146,7,1,7,5,1,112604.167100001,14651,15280,38180,3,1,3,5,1,238696.787500001,14651,400028,238897,3,1,3,5,
Berlin_1_256,256,256,71,17996,2,4.2351647362715E+49,0.2745972,212.380281690141,465,2,194.5368,192.626,0.1033325,0,300000,irrelevant,irrelevant,irrelevant,irrelevant,irrelevant,irrelevant,irrelevant,0,300000,irrelevant,irrelevant,irrelevant,irrelevant,irrelevant,irrelevant,irrelevant,irrelevant,irrelevant,irrelevant,irrelevant,irrelevant,irrelevant,irrelevant,irrelevant,irrelevant,irrelevant,irrelevant,irrelevant,irrelevant,irrelevant,irrelevant,irrelevant,irrelevant,irrelevant,irrelevant,irrelevant,irrelevant,irrelevant,irrelevant,irrelevant,irrelevant,irrelevant,1,59290.2034999989,15084,15717,39188,7,1,7,5,1,103578.466400001,15084,15722,39222,3,1,3,5,1,234043.791000001,15084,400470,239939,3,1,3,5,
Berlin_1_256,256,256,72,17996,2,2.11758236813575E+50,0.2745972,209.958333333333,465,2,195.4456,192.6454,0.1037598,0,300000,irrelevant,irrelevant,irrelevant,irrelevant,irrelevant,irrelevant,irrelevant,0,300000,irrelevant,irrelevant,irrelevant,irrelevant,irrelevant,irrelevant,irrelevant,irrelevant,irrelevant,irrelevant,irrelevant,irrelevant,irrelevant,irrelevant,irrelevant,irrelevant,irrelevant,irrelevant,irrelevant,irrelevant,irrelevant,irrelevant,irrelevant,irrelevant,irrelevant,irrelevant,irrelevant,irrelevant,irrelevant,irrelevant,irrelevant,irrelevant,irrelevant,1,58094.7243000008,15122,15755,39290,7,1,7,5,1,103419.872899998,15122,15760,39324,3,1,3,5,1,231635.513300002,15122,400508,240041,3,1,3,5,
Berlin_1_256,256,256,73,17996,2,1.05879118406788E+51,0.2745972,207.986301369863,465,2,194.4828,192.2399,0.1047363,0,300000,irrelevant,irrelevant,irrelevant,irrelevant,irrelevant,irrelevant,irrelevant,0,300000,irrelevant,irrelevant,irrelevant,irrelevant,irrelevant,irrelevant,irrelevant,irrelevant,irrelevant,irrelevant,irrelevant,irrelevant,irrelevant,irrelevant,irrelevant,irrelevant,irrelevant,irrelevant,irrelevant,irrelevant,irrelevant,irrelevant,irrelevant,irrelevant,irrelevant,irrelevant,irrelevant,irrelevant,irrelevant,irrelevant,irrelevant,irrelevant,irrelevant,1,59489.1589000002,15188,15821,39489,7,1,7,5,1,104450.3543,15188,15826,39523,3,1,3,5,1,231769.243300002,15188,400574,240240,3,1,3,5,
Berlin_1_256,256,256,74,17996,2,5.29395592033938E+51,0.2745972,210.094594594595,465,2,195.7914,191.7975,0.1074219,0,300000,irrelevant,irrelevant,irrelevant,irrelevant,irrelevant,irrelevant,irrelevant,0,300000,irrelevant,irrelevant,irrelevant,irrelevant,irrelevant,irrelevant,irrelevant,irrelevant,irrelevant,irrelevant,irrelevant,irrelevant,irrelevant,irrelevant,irrelevant,irrelevant,irrelevant,irrelevant,irrelevant,irrelevant,irrelevant,irrelevant,irrelevant,irrelevant,irrelevant,irrelevant,irrelevant,irrelevant,irrelevant,irrelevant,irrelevant,irrelevant,irrelevant,1,60751.7747000009,15552,16185,40444,7,1,7,5,1,104857.723999999,15552,16190,40478,3,1,3,5,1,211868.852600001,15552,400938,241195,3,1,3,5,
Berlin_1_256,256,256,75,17996,2,2.64697796016969E+52,0.2745972,212.52,465,2,197.0084,192.1474,0.1087799,0,300000,irrelevant,irrelevant,irrelevant,irrelevant,irrelevant,irrelevant,irrelevant,0,300000,irrelevant,irrelevant,irrelevant,irrelevant,irrelevant,irrelevant,irrelevant,irrelevant,irrelevant,irrelevant,irrelevant,irrelevant,irrelevant,irrelevant,irrelevant,irrelevant,irrelevant,irrelevant,irrelevant,irrelevant,irrelevant,irrelevant,irrelevant,irrelevant,irrelevant,irrelevant,irrelevant,irrelevant,irrelevant,irrelevant,irrelevant,irrelevant,irrelevant,1,69492.7171000019,15944,16577,41426,7,1,7,5,1,108448.456299998,15944,16582,41460,3,1,3,5,1,237972.645400003,15944,401330,242177,3,1,3,5,
Berlin_1_256,256,256,76,17996,2,1.32348898008484E+53,0.2745972,212.236842105263,465,2,196.041,192.3233,0.1090851,0,300000,irrelevant,irrelevant,irrelevant,irrelevant,irrelevant,irrelevant,irrelevant,0,300000,irrelevant,irrelevant,irrelevant,irrelevant,irrelevant,irrelevant,irrelevant,irrelevant,irrelevant,irrelevant,irrelevant,irrelevant,irrelevant,irrelevant,irrelevant,irrelevant,irrelevant,irrelevant,irrelevant,irrelevant,irrelevant,irrelevant,irrelevant,irrelevant,irrelevant,irrelevant,irrelevant,irrelevant,irrelevant,irrelevant,irrelevant,irrelevant,irrelevant,1,62940.3377999961,16135,16768,41867,7,1,7,5,1,105459.492800005,16135,16773,41901,3,1,3,5,1,99508.3273999989,16135,401521,242618,3,1,3,5,
Berlin_1_256,256,256,77,17996,2,6.61744490042422E+53,0.2745972,210.87012987013,465,2,195.5631,191.2461,0.1098633,0,300000,irrelevant,irrelevant,irrelevant,irrelevant,irrelevant,irrelevant,irrelevant,0,300000,irrelevant,irrelevant,irrelevant,irrelevant,irrelevant,irrelevant,irrelevant,irrelevant,irrelevant,irrelevant,irrelevant,irrelevant,irrelevant,irrelevant,irrelevant,irrelevant,irrelevant,irrelevant,irrelevant,irrelevant,irrelevant,irrelevant,irrelevant,irrelevant,irrelevant,irrelevant,irrelevant,irrelevant,irrelevant,irrelevant,irrelevant,irrelevant,irrelevant,1,67340.4069999978,16242,16875,42157,7,1,7,5,1,112416.473900005,16242,16880,42191,3,1,3,5,1,238985.529699996,16242,401599,242952,3,1,3,5,
Berlin_1_256,256,256,78,17996,2,3.30872245021211E+54,0.2745972,208.205128205128,465,2,197.0253,192.3333,0.1099243,0,300000,irrelevant,irrelevant,irrelevant,irrelevant,irrelevant,irrelevant,irrelevant,0,300000,irrelevant,irrelevant,irrelevant,irrelevant,irrelevant,irrelevant,irrelevant,irrelevant,irrelevant,irrelevant,irrelevant,irrelevant,irrelevant,irrelevant,irrelevant,irrelevant,irrelevant,irrelevant,irrelevant,irrelevant,irrelevant,irrelevant,irrelevant,irrelevant,irrelevant,irrelevant,irrelevant,irrelevant,irrelevant,irrelevant,irrelevant,irrelevant,irrelevant,1,20216.7098999992,16245,16878,42167,7,1,7,5,1,82420.6431000009,16245,16883,42201,3,1,3,5,1,253609.521800004,16245,401602,242962,3,1,3,5,
Berlin_1_256,256,256,79,17996,2,1.65436122510606E+55,0.2745972,208.012658227848,465,2,196.6082,191.9184,0.1109161,0,300000,irrelevant,irrelevant,irrelevant,irrelevant,irrelevant,irrelevant,irrelevant,0,300000,irrelevant,irrelevant,irrelevant,irrelevant,irrelevant,irrelevant,irrelevant,irrelevant,irrelevant,irrelevant,irrelevant,irrelevant,irrelevant,irrelevant,irrelevant,irrelevant,irrelevant,irrelevant,irrelevant,irrelevant,irrelevant,irrelevant,irrelevant,irrelevant,irrelevant,irrelevant,irrelevant,irrelevant,irrelevant,irrelevant,irrelevant,irrelevant,irrelevant,1,75833.8369000033,16438,17071,42683,7,1,7,5,1,113686.539700001,16438,17076,42717,3,1,3,5,1,237634.493200004,16438,401795,243478,3,1,3,5,
Berlin_1_256,256,256,80,17996,2,8.27180612553028E+55,0.2745972,206.6,465,2,196.0605,192.5383,0.1117859,0,300000,irrelevant,irrelevant,irrelevant,irrelevant,irrelevant,irrelevant,irrelevant,0,300000,irrelevant,irrelevant,irrelevant,irrelevant,irrelevant,irrelevant,irrelevant,irrelevant,irrelevant,irrelevant,irrelevant,irrelevant,irrelevant,irrelevant,irrelevant,irrelevant,irrelevant,irrelevant,irrelevant,irrelevant,irrelevant,irrelevant,irrelevant,irrelevant,irrelevant,irrelevant,irrelevant,irrelevant,irrelevant,irrelevant,irrelevant,irrelevant,irrelevant,1,70987.8321999982,16533,17166,42925,7,1,7,5,1,115042.508400001,16533,17171,42959,3,1,3,5,1,250114.3772,16533,401890,243720,3,1,3,5,
Berlin_1_256,256,256,81,17996,2,4.13590306276514E+56,0.2745972,208.481481481482,465,2,198.0018,191.6838,0.1125641,0,300000,irrelevant,irrelevant,irrelevant,irrelevant,irrelevant,irrelevant,irrelevant,0,300000,irrelevant,irrelevant,irrelevant,irrelevant,irrelevant,irrelevant,irrelevant,irrelevant,irrelevant,irrelevant,irrelevant,irrelevant,irrelevant,irrelevant,irrelevant,irrelevant,irrelevant,irrelevant,irrelevant,irrelevant,irrelevant,irrelevant,irrelevant,irrelevant,irrelevant,irrelevant,irrelevant,irrelevant,irrelevant,irrelevant,irrelevant,irrelevant,irrelevant,1,73401.803199999,16892,17525,43810,7,1,7,5,1,115310.113800004,16892,17530,43844,3,1,3,5,1,255025.600999996,16892,402249,244605,3,1,3,5,
Berlin_1_256,256,256,82,17996,2,2.06795153138257E+57,0.2745972,210.939024390244,465,2,199.5451,192.6785,0.1131744,0,300000,irrelevant,irrelevant,irrelevant,irrelevant,irrelevant,irrelevant,irrelevant,0,300000,irrelevant,irrelevant,irrelevant,irrelevant,irrelevant,irrelevant,irrelevant,irrelevant,irrelevant,irrelevant,irrelevant,irrelevant,irrelevant,irrelevant,irrelevant,irrelevant,irrelevant,irrelevant,irrelevant,irrelevant,irrelevant,irrelevant,irrelevant,irrelevant,irrelevant,irrelevant,irrelevant,irrelevant,irrelevant,irrelevant,irrelevant,irrelevant,irrelevant,1,78068.569600001,17302,17944,44863,7,1,7,5,1,116702.896700002,17302,17949,44897,3,1,3,5,1,247339.383000001,17302,402668,245658,3,1,3,5,
Berlin_1_256,256,256,83,17996,2,1.03397576569128E+58,0.2745972,208.638554216867,465,2,199.3511,192.0488,0.1134491,0,300000,irrelevant,irrelevant,irrelevant,irrelevant,irrelevant,irrelevant,irrelevant,0,300000,irrelevant,irrelevant,irrelevant,irrelevant,irrelevant,irrelevant,irrelevant,irrelevant,irrelevant,irrelevant,irrelevant,irrelevant,irrelevant,irrelevant,irrelevant,irrelevant,irrelevant,irrelevant,irrelevant,irrelevant,irrelevant,irrelevant,irrelevant,irrelevant,irrelevant,irrelevant,irrelevant,irrelevant,irrelevant,irrelevant,irrelevant,irrelevant,irrelevant,1,26340.6623999998,17322,17964,44925,7,1,7,5,1,34285.0956999958,17322,17969,44959,3,1,3,5,1,245124.298699997,17322,402612,245707,3,1,3,5,
Berlin_1_256,256,256,84,17996,2,5.16987882845642E+58,0.2745972,208.380952380952,465,2,200.0429,192.2322,0.1159668,0,300000,irrelevant,irrelevant,irrelevant,irrelevant,irrelevant,irrelevant,irrelevant,0,300000,irrelevant,irrelevant,irrelevant,irrelevant,irrelevant,irrelevant,irrelevant,irrelevant,irrelevant,irrelevant,irrelevant,irrelevant,irrelevant,irrelevant,irrelevant,irrelevant,irrelevant,irrelevant,irrelevant,irrelevant,irrelevant,irrelevant,irrelevant,irrelevant,irrelevant,irrelevant,irrelevant,irrelevant,irrelevant,irrelevant,irrelevant,irrelevant,irrelevant,1,81638.9671000019,17509,18151,45415,7,1,7,5,1,121428.068300001,17509,18156,45449,3,1,3,5,1,257882.189800002,17509,402799,246197,3,1,3,5,
Berlin_1_256,256,256,85,17996,2,2.58493941422821E+59,0.2745972,207.905882352941,465,2,199.6684,191.3609,0.1165009,0,300000,irrelevant,irrelevant,irrelevant,irrelevant,irrelevant,irrelevant,irrelevant,0,300000,irrelevant,irrelevant,irrelevant,irrelevant,irrelevant,irrelevant,irrelevant,irrelevant,irrelevant,irrelevant,irrelevant,irrelevant,irrelevant,irrelevant,irrelevant,irrelevant,irrelevant,irrelevant,irrelevant,irrelevant,irrelevant,irrelevant,irrelevant,irrelevant,irrelevant,irrelevant,irrelevant,irrelevant,irrelevant,irrelevant,irrelevant,irrelevant,irrelevant,1,79439.519600004,17677,18359,45938,7,1,7,5,1,119375.468599997,17677,18364,45972,3,1,3,5,1,259179.641499996,17677,403007,246720,3,1,3,5,
Berlin_1_256,256,256,86,17996,2,1.29246970711411E+60,0.2745972,207.674418604651,465,2,198.5028,190.7129,0.1166229,0,300000,irrelevant,irrelevant,irrelevant,irrelevant,irrelevant,irrelevant,irrelevant,0,300000,irrelevant,irrelevant,irrelevant,irrelevant,irrelevant,irrelevant,irrelevant,irrelevant,irrelevant,irrelevant,irrelevant,irrelevant,irrelevant,irrelevant,irrelevant,irrelevant,irrelevant,irrelevant,irrelevant,irrelevant,irrelevant,irrelevant,irrelevant,irrelevant,irrelevant,irrelevant,irrelevant,irrelevant,irrelevant,irrelevant,irrelevant,irrelevant,irrelevant,1,25839.006099999,17865,18712,46669,7,1,7,5,1,49099.6185000017,17865,18717,46703,3,1,3,5,1,255342.8574,17865,403258,247435,3,1,3,5,
Berlin_1_256,256,256,87,17996,2,6.46234853557053E+60,0.2745972,207.597701149425,465,2,198.6484,189.8621,0.1181488,0,300000,irrelevant,irrelevant,irrelevant,irrelevant,irrelevant,irrelevant,irrelevant,0,300000,irrelevant,irrelevant,irrelevant,irrelevant,irrelevant,irrelevant,irrelevant,irrelevant,irrelevant,irrelevant,irrelevant,irrelevant,irrelevant,irrelevant,irrelevant,irrelevant,irrelevant,irrelevant,irrelevant,irrelevant,irrelevant,irrelevant,irrelevant,irrelevant,irrelevant,irrelevant,irrelevant,irrelevant,irrelevant,irrelevant,irrelevant,irrelevant,irrelevant,1,83960.959800005,18066,18913,47194,7,1,7,5,1,122615.7905,18066,18918,47228,3,1,3,5,1,256466.489100002,18066,403416,247963,3,1,3,5,
Berlin_1_256,256,256,88,17996,2,3.23117426778526E+61,0.2745972,209.897727272727,465,2,198.5424,191.3532,0.1182251,0,300000,irrelevant,irrelevant,irrelevant,irrelevant,irrelevant,irrelevant,irrelevant,0,300000,irrelevant,irrelevant,irrelevant,irrelevant,irrelevant,irrelevant,irrelevant,irrelevant,irrelevant,irrelevant,irrelevant,irrelevant,irrelevant,irrelevant,irrelevant,irrelevant,irrelevant,irrelevant,irrelevant,irrelevant,irrelevant,irrelevant,irrelevant,irrelevant,irrelevant,irrelevant,irrelevant,irrelevant,irrelevant,irrelevant,irrelevant,irrelevant,irrelevant,1,110195.113800004,18476,19332,48235,7,1,7,5,1,150356.034500003,18476,19337,48269,3,1,3,5,1,284718.442699999,18476,403835,249004,3,1,3,5,
Berlin_1_256,256,256,89,17996,2,1.61558713389263E+62,0.2745972,207.573033707865,465,2,198.4914,191.5481,0.1182861,0,300000,irrelevant,irrelevant,irrelevant,irrelevant,irrelevant,irrelevant,irrelevant,0,300000,irrelevant,irrelevant,irrelevant,irrelevant,irrelevant,irrelevant,irrelevant,irrelevant,irrelevant,irrelevant,irrelevant,irrelevant,irrelevant,irrelevant,irrelevant,irrelevant,irrelevant,irrelevant,irrelevant,irrelevant,irrelevant,irrelevant,irrelevant,irrelevant,irrelevant,irrelevant,irrelevant,irrelevant,irrelevant,irrelevant,irrelevant,irrelevant,irrelevant,1,110539.761099994,18479,19335,48246,7,1,7,5,1,148843.7817,18479,19340,48280,3,1,3,5,1,282790.004699998,18479,403838,249015,3,1,3,5,
Berlin_1_256,256,256,90,17996,2,8.07793566946316E+62,0.2745972,206.533333333333,465,2,197.6095,191.1294,0.1185608,0,300000,irrelevant,irrelevant,irrelevant,irrelevant,irrelevant,irrelevant,irrelevant,0,300000,irrelevant,irrelevant,irrelevant,irrelevant,irrelevant,irrelevant,irrelevant,irrelevant,irrelevant,irrelevant,irrelevant,irrelevant,irrelevant,irrelevant,irrelevant,irrelevant,irrelevant,irrelevant,irrelevant,irrelevant,irrelevant,irrelevant,irrelevant,irrelevant,irrelevant,irrelevant,irrelevant,irrelevant,irrelevant,irrelevant,irrelevant,irrelevant,irrelevant,1,112179.8508,18593,19449,48528,7,1,7,5,1,150022.778799996,18593,19454,48562,3,1,3,5,1,266306.677000001,18593,403952,249297,3,1,3,5,
Berlin_1_256,256,256,91,17996,2,4.03896783473158E+63,0.2745972,207.406593406593,465,2,196.6847,192.3263,0.118576,0,300000,irrelevant,irrelevant,irrelevant,irrelevant,irrelevant,irrelevant,irrelevant,0,300000,irrelevant,irrelevant,irrelevant,irrelevant,irrelevant,irrelevant,irrelevant,irrelevant,irrelevant,irrelevant,irrelevant,irrelevant,irrelevant,irrelevant,irrelevant,irrelevant,irrelevant,irrelevant,irrelevant,irrelevant,irrelevant,irrelevant,irrelevant,irrelevant,irrelevant,irrelevant,irrelevant,irrelevant,irrelevant,irrelevant,irrelevant,irrelevant,irrelevant,0,301741.942699999,-2,20615,50487,19,1,19,0,1,155618.327599995,18879,19740,49344,3,1,3,5,1,285381.922200002,18879,404238,250079,3,1,3,5,
Berlin_1_256,256,256,92,17996,2,2.01948391736579E+64,0.2745972,209.347826086957,465,2,197.6309,193.0348,0.1194763,0,300000,irrelevant,irrelevant,irrelevant,irrelevant,irrelevant,irrelevant,irrelevant,0,300000,irrelevant,irrelevant,irrelevant,irrelevant,irrelevant,irrelevant,irrelevant,irrelevant,irrelevant,irrelevant,irrelevant,irrelevant,irrelevant,irrelevant,irrelevant,irrelevant,irrelevant,irrelevant,irrelevant,irrelevant,irrelevant,irrelevant,irrelevant,irrelevant,irrelevant,irrelevant,irrelevant,irrelevant,irrelevant,irrelevant,irrelevant,irrelevant,irrelevant,0,300000,irrelevant,irrelevant,irrelevant,irrelevant,irrelevant,irrelevant,irrelevant,1,157175.2557,19265,20137,50318,3,1,3,5,1,295493.226900004,19265,404635,251054,3,1,3,5,
Berlin_1_256,256,256,93,17996,2,1.0097419586829E+65,0.2745972,211.387096774194,465,2,198.3258,194.4351,0.1218567,0,300000,irrelevant,irrelevant,irrelevant,irrelevant,irrelevant,irrelevant,irrelevant,0,300000,irrelevant,irrelevant,irrelevant,irrelevant,irrelevant,irrelevant,irrelevant,irrelevant,irrelevant,irrelevant,irrelevant,irrelevant,irrelevant,irrelevant,irrelevant,irrelevant,irrelevant,irrelevant,irrelevant,irrelevant,irrelevant,irrelevant,irrelevant,irrelevant,irrelevant,irrelevant,irrelevant,irrelevant,irrelevant,irrelevant,irrelevant,irrelevant,irrelevant,0,300000,irrelevant,irrelevant,irrelevant,irrelevant,irrelevant,irrelevant,irrelevant,1,102876.080200002,19664,20536,51298,3,1,3,5,1,153922.534599997,19664,405034,252034,3,1,3,5,
Berlin_1_256,256,256,94,17996,2,5.04870979341448E+65,0.2745972,209.244680851064,465,2,199.0616,194.9153,0.1220245,0,300000,irrelevant,irrelevant,irrelevant,irrelevant,irrelevant,irrelevant,irrelevant,0,300000,irrelevant,irrelevant,irrelevant,irrelevant,irrelevant,irrelevant,irrelevant,irrelevant,irrelevant,irrelevant,irrelevant,irrelevant,irrelevant,irrelevant,irrelevant,irrelevant,irrelevant,irrelevant,irrelevant,irrelevant,irrelevant,irrelevant,irrelevant,irrelevant,irrelevant,irrelevant,irrelevant,irrelevant,irrelevant,irrelevant,irrelevant,irrelevant,irrelevant,0,300000,irrelevant,irrelevant,irrelevant,irrelevant,irrelevant,irrelevant,irrelevant,1,104465.4674,19674,20546,51330,3,1,3,5,1,187017.689899996,19674,405044,252066,3,1,3,5,
Berlin_1_256,256,256,95,17996,2,2.52435489670724E+66,0.2745972,207.347368421053,465,2,198.264,194.6395,0.1222687,0,300000,irrelevant,irrelevant,irrelevant,irrelevant,irrelevant,irrelevant,irrelevant,0,300000,irrelevant,irrelevant,irrelevant,irrelevant,irrelevant,irrelevant,irrelevant,irrelevant,irrelevant,irrelevant,irrelevant,irrelevant,irrelevant,irrelevant,irrelevant,irrelevant,irrelevant,irrelevant,irrelevant,irrelevant,irrelevant,irrelevant,irrelevant,irrelevant,irrelevant,irrelevant,irrelevant,irrelevant,irrelevant,irrelevant,irrelevant,irrelevant,irrelevant,0,300000,irrelevant,irrelevant,irrelevant,irrelevant,irrelevant,irrelevant,irrelevant,1,105587.792899996,19703,20575,51400,3,1,3,5,1,185262.470899999,19703,405073,252136,3,1,3,5,
Berlin_1_256,256,256,96,17996,2,1.26217744835362E+67,0.2745972,208.25,465,2,197.2356,195.8065,0.1240387,0,300000,irrelevant,irrelevant,irrelevant,irrelevant,irrelevant,irrelevant,irrelevant,0,300000,irrelevant,irrelevant,irrelevant,irrelevant,irrelevant,irrelevant,irrelevant,irrelevant,irrelevant,irrelevant,irrelevant,irrelevant,irrelevant,irrelevant,irrelevant,irrelevant,irrelevant,irrelevant,irrelevant,irrelevant,irrelevant,irrelevant,irrelevant,irrelevant,irrelevant,irrelevant,irrelevant,irrelevant,irrelevant,irrelevant,irrelevant,irrelevant,irrelevant,0,300000,irrelevant,irrelevant,irrelevant,irrelevant,irrelevant,irrelevant,irrelevant,1,106789.469899997,19997,20873,52108,3,1,3,5,1,184018.247400001,19997,405371,252844,3,1,3,5,
Berlin_1_256,256,256,97,17996,2,6.31088724176809E+67,0.2745972,210.030927835052,465,2,197.2502,197.0776,0.1251984,0,300000,irrelevant,irrelevant,irrelevant,irrelevant,irrelevant,irrelevant,irrelevant,0,300000,irrelevant,irrelevant,irrelevant,irrelevant,irrelevant,irrelevant,irrelevant,irrelevant,irrelevant,irrelevant,irrelevant,irrelevant,irrelevant,irrelevant,irrelevant,irrelevant,irrelevant,irrelevant,irrelevant,irrelevant,irrelevant,irrelevant,irrelevant,irrelevant,irrelevant,irrelevant,irrelevant,irrelevant,irrelevant,irrelevant,irrelevant,irrelevant,irrelevant,0,300000,irrelevant,irrelevant,irrelevant,irrelevant,irrelevant,irrelevant,irrelevant,1,110445.279300004,20378,21254,53154,3,1,3,5,1,205054.0352,20378,405752,253890,3,1,3,5,
Berlin_1_256,256,256,98,17996,2,3.15544362088405E+68,0.2745972,209.683673469388,465,2,197.1579,197.9571,0.1273346,0,300000,irrelevant,irrelevant,irrelevant,irrelevant,irrelevant,irrelevant,irrelevant,0,300000,irrelevant,irrelevant,irrelevant,irrelevant,irrelevant,irrelevant,irrelevant,irrelevant,irrelevant,irrelevant,irrelevant,irrelevant,irrelevant,irrelevant,irrelevant,irrelevant,irrelevant,irrelevant,irrelevant,irrelevant,irrelevant,irrelevant,irrelevant,irrelevant,irrelevant,irrelevant,irrelevant,irrelevant,irrelevant,irrelevant,irrelevant,irrelevant,irrelevant,0,300000,irrelevant,irrelevant,irrelevant,irrelevant,irrelevant,irrelevant,irrelevant,1,110497.517900005,20554,21430,53640,3,1,3,5,1,191787.1171,20554,405928,254376,3,1,3,5,
Berlin_1_256,256,256,99,17996,2,1.57772181044202E+69,0.2745972,210.606060606061,465,2,197.4461,198.1309,0.1292114,0,300000,irrelevant,irrelevant,irrelevant,irrelevant,irrelevant,irrelevant,irrelevant,0,300000,irrelevant,irrelevant,irrelevant,irrelevant,irrelevant,irrelevant,irrelevant,irrelevant,irrelevant,irrelevant,irrelevant,irrelevant,irrelevant,irrelevant,irrelevant,irrelevant,irrelevant,irrelevant,irrelevant,irrelevant,irrelevant,irrelevant,irrelevant,irrelevant,irrelevant,irrelevant,irrelevant,irrelevant,irrelevant,irrelevant,irrelevant,irrelevant,irrelevant,0,300000,irrelevant,irrelevant,irrelevant,irrelevant,irrelevant,irrelevant,irrelevant,1,111746.657700002,20855,21731,54427,3,1,3,5,1,189851.672499999,20855,406229,255163,3,1,3,5,
Berlin_1_256,256,256,100,17996,2,7.88860905221012E+69,0.2745972,208.71,465,2,197.0598,198.2473,0.1295166,0,300000,irrelevant,irrelevant,irrelevant,irrelevant,irrelevant,irrelevant,irrelevant,0,300000,irrelevant,irrelevant,irrelevant,irrelevant,irrelevant,irrelevant,irrelevant,irrelevant,irrelevant,irrelevant,irrelevant,irrelevant,irrelevant,irrelevant,irrelevant,irrelevant,irrelevant,irrelevant,irrelevant,irrelevant,irrelevant,irrelevant,irrelevant,irrelevant,irrelevant,irrelevant,irrelevant,irrelevant,irrelevant,irrelevant,irrelevant,irrelevant,irrelevant,0,300000,irrelevant,irrelevant,irrelevant,irrelevant,irrelevant,irrelevant,irrelevant,1,115220.300799996,20876,21752,54491,3,1,3,5,1,197557.168200001,20876,406250,255227,3,1,3,5,
Berlin_1_256,256,256,101,17996,2,3.94430452610506E+70,0.2745972,207.762376237624,465,2,198.2073,197.6703,0.1296387,0,300000,irrelevant,irrelevant,irrelevant,irrelevant,irrelevant,irrelevant,irrelevant,0,300000,irrelevant,irrelevant,irrelevant,irrelevant,irrelevant,irrelevant,irrelevant,irrelevant,irrelevant,irrelevant,irrelevant,irrelevant,irrelevant,irrelevant,irrelevant,irrelevant,irrelevant,irrelevant,irrelevant,irrelevant,irrelevant,irrelevant,irrelevant,irrelevant,irrelevant,irrelevant,irrelevant,irrelevant,irrelevant,irrelevant,irrelevant,irrelevant,irrelevant,0,300000,irrelevant,irrelevant,irrelevant,irrelevant,irrelevant,irrelevant,irrelevant,1,114606.187899992,20989,21865,54805,3,1,3,5,1,197241.738900006,20989,406363,255541,3,1,3,5,
Berlin_1_256,256,256,102,17996,2,1.97215226305253E+71,0.2745972,208.166666666667,465,2,198.585,197.0927,0.1301727,0,300000,irrelevant,irrelevant,irrelevant,irrelevant,irrelevant,irrelevant,irrelevant,0,300000,irrelevant,irrelevant,irrelevant,irrelevant,irrelevant,irrelevant,irrelevant,irrelevant,irrelevant,irrelevant,irrelevant,irrelevant,irrelevant,irrelevant,irrelevant,irrelevant,irrelevant,irrelevant,irrelevant,irrelevant,irrelevant,irrelevant,irrelevant,irrelevant,irrelevant,irrelevant,irrelevant,irrelevant,irrelevant,irrelevant,irrelevant,irrelevant,irrelevant,0,300000,irrelevant,irrelevant,irrelevant,irrelevant,irrelevant,irrelevant,irrelevant,1,117605.738099992,21238,22122,55401,3,1,3,5,1,196700.869900003,21238,406620,256137,3,1,3,5,
Berlin_1_256,256,256,103,17996,2,9.86076131526265E+71,0.2745972,207.087378640777,465,2,197.8346,196.4698,0.1304169,0,300000,irrelevant,irrelevant,irrelevant,irrelevant,irrelevant,irrelevant,irrelevant,0,300000,irrelevant,irrelevant,irrelevant,irrelevant,irrelevant,irrelevant,irrelevant,irrelevant,irrelevant,irrelevant,irrelevant,irrelevant,irrelevant,irrelevant,irrelevant,irrelevant,irrelevant,irrelevant,irrelevant,irrelevant,irrelevant,irrelevant,irrelevant,irrelevant,irrelevant,irrelevant,irrelevant,irrelevant,irrelevant,irrelevant,irrelevant,irrelevant,irrelevant,0,300000,irrelevant,irrelevant,irrelevant,irrelevant,irrelevant,irrelevant,irrelevant,1,117757.111100003,21337,22442,56055,3,1,3,7,1,202091.978,21337,413057,261455,3,1,3,7,
Berlin_1_256,256,256,104,17996,2,4.93038065763132E+72,0.2745972,206.490384615385,465,2,197.1857,196.7324,0.1306305,0,300000,irrelevant,irrelevant,irrelevant,irrelevant,irrelevant,irrelevant,irrelevant,0,300000,irrelevant,irrelevant,irrelevant,irrelevant,irrelevant,irrelevant,irrelevant,irrelevant,irrelevant,irrelevant,irrelevant,irrelevant,irrelevant,irrelevant,irrelevant,irrelevant,irrelevant,irrelevant,irrelevant,irrelevant,irrelevant,irrelevant,irrelevant,irrelevant,irrelevant,irrelevant,irrelevant,irrelevant,irrelevant,irrelevant,irrelevant,irrelevant,irrelevant,0,300000,irrelevant,irrelevant,irrelevant,irrelevant,irrelevant,irrelevant,irrelevant,1,119592.590199992,21482,22600,56415,3,1,3,7,1,204888.143100008,21482,413215,261815,3,1,3,7,
Berlin_1_256,256,256,105,17996,2,2.46519032881566E+73,0.2745972,208.190476190476,465,2,197.3168,197.7082,0.1308746,0,300000,irrelevant,irrelevant,irrelevant,irrelevant,irrelevant,irrelevant,irrelevant,0,300000,irrelevant,irrelevant,irrelevant,irrelevant,irrelevant,irrelevant,irrelevant,irrelevant,irrelevant,irrelevant,irrelevant,irrelevant,irrelevant,irrelevant,irrelevant,irrelevant,irrelevant,irrelevant,irrelevant,irrelevant,irrelevant,irrelevant,irrelevant,irrelevant,irrelevant,irrelevant,irrelevant,irrelevant,irrelevant,irrelevant,irrelevant,irrelevant,irrelevant,0,300000,irrelevant,irrelevant,irrelevant,irrelevant,irrelevant,irrelevant,irrelevant,1,201698.017800003,21867,22986,57463,3,1,3,7,0,300827.692999989,-2,413601,262863,3,1,3,7,
Berlin_1_256,256,256,106,17996,2,1.23259516440783E+74,0.2745972,207.88679245283,465,2,198.0806,198.2079,0.1327667,0,300000,irrelevant,irrelevant,irrelevant,irrelevant,irrelevant,irrelevant,irrelevant,0,300000,irrelevant,irrelevant,irrelevant,irrelevant,irrelevant,irrelevant,irrelevant,irrelevant,irrelevant,irrelevant,irrelevant,irrelevant,irrelevant,irrelevant,irrelevant,irrelevant,irrelevant,irrelevant,irrelevant,irrelevant,irrelevant,irrelevant,irrelevant,irrelevant,irrelevant,irrelevant,irrelevant,irrelevant,irrelevant,irrelevant,irrelevant,irrelevant,irrelevant,0,300000,irrelevant,irrelevant,irrelevant,irrelevant,irrelevant,irrelevant,irrelevant,1,199531.826699987,22043,23162,57906,3,1,3,7,0,300000,irrelevant,irrelevant,irrelevant,irrelevant,irrelevant,irrelevant,irrelevant,
Berlin_1_256,256,256,107,17996,2,6.16297582203915E+74,0.2745972,208.07476635514,465,2,198.9356,197.7144,0.1338348,0,300000,irrelevant,irrelevant,irrelevant,irrelevant,irrelevant,irrelevant,irrelevant,0,300000,irrelevant,irrelevant,irrelevant,irrelevant,irrelevant,irrelevant,irrelevant,irrelevant,irrelevant,irrelevant,irrelevant,irrelevant,irrelevant,irrelevant,irrelevant,irrelevant,irrelevant,irrelevant,irrelevant,irrelevant,irrelevant,irrelevant,irrelevant,irrelevant,irrelevant,irrelevant,irrelevant,irrelevant,irrelevant,irrelevant,irrelevant,irrelevant,irrelevant,0,300000,irrelevant,irrelevant,irrelevant,irrelevant,irrelevant,irrelevant,irrelevant,1,197692.444600001,22271,23390,58487,3,1,3,7,0,300000,irrelevant,irrelevant,irrelevant,irrelevant,irrelevant,irrelevant,irrelevant,
Berlin_1_256,256,256,108,17996,2,3.08148791101958E+75,0.2745972,207.148148148148,465,2,198.5085,196.8592,0.1342621,0,300000,irrelevant,irrelevant,irrelevant,irrelevant,irrelevant,irrelevant,irrelevant,0,300000,irrelevant,irrelevant,irrelevant,irrelevant,irrelevant,irrelevant,irrelevant,irrelevant,irrelevant,irrelevant,irrelevant,irrelevant,irrelevant,irrelevant,irrelevant,irrelevant,irrelevant,irrelevant,irrelevant,irrelevant,irrelevant,irrelevant,irrelevant,irrelevant,irrelevant,irrelevant,irrelevant,irrelevant,irrelevant,irrelevant,irrelevant,irrelevant,irrelevant,0,300000,irrelevant,irrelevant,irrelevant,irrelevant,irrelevant,irrelevant,irrelevant,1,233667.865800008,22379,23498,58757,3,1,3,7,0,300000,irrelevant,irrelevant,irrelevant,irrelevant,irrelevant,irrelevant,irrelevant,
Berlin_1_256,256,256,109,17996,2,1.54074395550979E+76,0.2745972,205.706422018349,465,2,199.24,197.232,0.1349182,0,300000,irrelevant,irrelevant,irrelevant,irrelevant,irrelevant,irrelevant,irrelevant,0,300000,irrelevant,irrelevant,irrelevant,irrelevant,irrelevant,irrelevant,irrelevant,irrelevant,irrelevant,irrelevant,irrelevant,irrelevant,irrelevant,irrelevant,irrelevant,irrelevant,irrelevant,irrelevant,irrelevant,irrelevant,irrelevant,irrelevant,irrelevant,irrelevant,irrelevant,irrelevant,irrelevant,irrelevant,irrelevant,irrelevant,irrelevant,irrelevant,irrelevant,0,300000,irrelevant,irrelevant,irrelevant,irrelevant,irrelevant,irrelevant,irrelevant,1,233509.878999993,22429,23548,58891,3,1,3,7,0,300000,irrelevant,irrelevant,irrelevant,irrelevant,irrelevant,irrelevant,irrelevant,
Berlin_1_256,256,256,110,17996,2,7.70371977754894E+76,0.2745972,205.2,465,2,198.5269,196.6351,0.1351929,0,300000,irrelevant,irrelevant,irrelevant,irrelevant,irrelevant,irrelevant,irrelevant,0,300000,irrelevant,irrelevant,irrelevant,irrelevant,irrelevant,irrelevant,irrelevant,irrelevant,irrelevant,irrelevant,irrelevant,irrelevant,irrelevant,irrelevant,irrelevant,irrelevant,irrelevant,irrelevant,irrelevant,irrelevant,irrelevant,irrelevant,irrelevant,irrelevant,irrelevant,irrelevant,irrelevant,irrelevant,irrelevant,irrelevant,irrelevant,irrelevant,irrelevant,0,300000,irrelevant,irrelevant,irrelevant,irrelevant,irrelevant,irrelevant,irrelevant,1,239065.885799989,22579,23732,59341,3,1,3,7,0,300000,irrelevant,irrelevant,irrelevant,irrelevant,irrelevant,irrelevant,irrelevant,
Berlin_1_256,256,256,111,17996,2,3.85185988877447E+77,0.2745972,205.954954954955,465,2,198.3005,197.0257,0.1372681,0,300000,irrelevant,irrelevant,irrelevant,irrelevant,irrelevant,irrelevant,irrelevant,0,300000,irrelevant,irrelevant,irrelevant,irrelevant,irrelevant,irrelevant,irrelevant,irrelevant,irrelevant,irrelevant,irrelevant,irrelevant,irrelevant,irrelevant,irrelevant,irrelevant,irrelevant,irrelevant,irrelevant,irrelevant,irrelevant,irrelevant,irrelevant,irrelevant,irrelevant,irrelevant,irrelevant,irrelevant,irrelevant,irrelevant,irrelevant,irrelevant,irrelevant,0,300000,irrelevant,irrelevant,irrelevant,irrelevant,irrelevant,irrelevant,irrelevant,1,208792.957699999,22868,24021,60064,3,1,3,7,0,300000,irrelevant,irrelevant,irrelevant,irrelevant,irrelevant,irrelevant,irrelevant,
Berlin_1_256,256,256,112,17996,2,1.92592994438724E+78,0.2745972,205.705357142857,465,2,198.1217,196.8671,0.1383057,0,300000,irrelevant,irrelevant,irrelevant,irrelevant,irrelevant,irrelevant,irrelevant,0,300000,irrelevant,irrelevant,irrelevant,irrelevant,irrelevant,irrelevant,irrelevant,irrelevant,irrelevant,irrelevant,irrelevant,irrelevant,irrelevant,irrelevant,irrelevant,irrelevant,irrelevant,irrelevant,irrelevant,irrelevant,irrelevant,irrelevant,irrelevant,irrelevant,irrelevant,irrelevant,irrelevant,irrelevant,irrelevant,irrelevant,irrelevant,irrelevant,irrelevant,0,300000,irrelevant,irrelevant,irrelevant,irrelevant,irrelevant,irrelevant,irrelevant,1,93965.9287,23046,24199,60553,3,1,3,7,0,300000,irrelevant,irrelevant,irrelevant,irrelevant,irrelevant,irrelevant,irrelevant,
Berlin_1_256,256,256,113,17996,2,9.62964972193618E+78,0.2745972,204.035398230089,465,2,198.3785,196.7626,0.1385803,0,300000,irrelevant,irrelevant,irrelevant,irrelevant,irrelevant,irrelevant,irrelevant,0,300000,irrelevant,irrelevant,irrelevant,irrelevant,irrelevant,irrelevant,irrelevant,irrelevant,irrelevant,irrelevant,irrelevant,irrelevant,irrelevant,irrelevant,irrelevant,irrelevant,irrelevant,irrelevant,irrelevant,irrelevant,irrelevant,irrelevant,irrelevant,irrelevant,irrelevant,irrelevant,irrelevant,irrelevant,irrelevant,irrelevant,irrelevant,irrelevant,irrelevant,0,300000,irrelevant,irrelevant,irrelevant,irrelevant,irrelevant,irrelevant,irrelevant,1,98836.4763000011,23063,24216,60605,3,1,3,7,0,300000,irrelevant,irrelevant,irrelevant,irrelevant,irrelevant,irrelevant,irrelevant,
Berlin_1_256,256,256,114,17996,2,4.81482486096809E+79,0.2745972,204.412280701754,465,2,199.3019,197.1767,0.1386719,0,300000,irrelevant,irrelevant,irrelevant,irrelevant,irrelevant,irrelevant,irrelevant,0,300000,irrelevant,irrelevant,irrelevant,irrelevant,irrelevant,irrelevant,irrelevant,irrelevant,irrelevant,irrelevant,irrelevant,irrelevant,irrelevant,irrelevant,irrelevant,irrelevant,irrelevant,irrelevant,irrelevant,irrelevant,irrelevant,irrelevant,irrelevant,irrelevant,irrelevant,irrelevant,irrelevant,irrelevant,irrelevant,irrelevant,irrelevant,irrelevant,irrelevant,0,300000,irrelevant,irrelevant,irrelevant,irrelevant,irrelevant,irrelevant,irrelevant,1,197758.229600012,23310,24463,61249,3,1,3,7,0,300000,irrelevant,irrelevant,irrelevant,irrelevant,irrelevant,irrelevant,irrelevant,
Berlin_1_256,256,256,115,17996,2,2.40741243048404E+80,0.2745972,204.617391304348,465,2,199.7568,196.6111,0.1402893,0,300000,irrelevant,irrelevant,irrelevant,irrelevant,irrelevant,irrelevant,irrelevant,0,300000,irrelevant,irrelevant,irrelevant,irrelevant,irrelevant,irrelevant,irrelevant,irrelevant,irrelevant,irrelevant,irrelevant,irrelevant,irrelevant,irrelevant,irrelevant,irrelevant,irrelevant,irrelevant,irrelevant,irrelevant,irrelevant,irrelevant,irrelevant,irrelevant,irrelevant,irrelevant,irrelevant,irrelevant,irrelevant,irrelevant,irrelevant,irrelevant,irrelevant,0,300000,irrelevant,irrelevant,irrelevant,irrelevant,irrelevant,irrelevant,irrelevant,1,181432.465499997,23538,24720,61896,3,1,3,7,0,300000,irrelevant,irrelevant,irrelevant,irrelevant,irrelevant,irrelevant,irrelevant,
Berlin_1_256,256,256,116,17996,2,1.20370621524202E+81,0.2745972,205.336206896552,465,2,199.3008,197.3976,0.1419983,0,300000,irrelevant,irrelevant,irrelevant,irrelevant,irrelevant,irrelevant,irrelevant,0,300000,irrelevant,irrelevant,irrelevant,irrelevant,irrelevant,irrelevant,irrelevant,irrelevant,irrelevant,irrelevant,irrelevant,irrelevant,irrelevant,irrelevant,irrelevant,irrelevant,irrelevant,irrelevant,irrelevant,irrelevant,irrelevant,irrelevant,irrelevant,irrelevant,irrelevant,irrelevant,irrelevant,irrelevant,irrelevant,irrelevant,irrelevant,irrelevant,irrelevant,0,300000,irrelevant,irrelevant,irrelevant,irrelevant,irrelevant,irrelevant,irrelevant,1,213240.571500003,23826,25013,62639,3,1,3,7,0,300000,irrelevant,irrelevant,irrelevant,irrelevant,irrelevant,irrelevant,irrelevant,
Berlin_1_256,256,256,117,17996,2,6.01853107621011E+81,0.2745972,205.74358974359,465,2,198.8002,197.384,0.1432495,0,300000,irrelevant,irrelevant,irrelevant,irrelevant,irrelevant,irrelevant,irrelevant,0,300000,irrelevant,irrelevant,irrelevant,irrelevant,irrelevant,irrelevant,irrelevant,irrelevant,irrelevant,irrelevant,irrelevant,irrelevant,irrelevant,irrelevant,irrelevant,irrelevant,irrelevant,irrelevant,irrelevant,irrelevant,irrelevant,irrelevant,irrelevant,irrelevant,irrelevant,irrelevant,irrelevant,irrelevant,irrelevant,irrelevant,irrelevant,irrelevant,irrelevant,0,300000,irrelevant,irrelevant,irrelevant,irrelevant,irrelevant,irrelevant,irrelevant,1,327682.716499999,24080,26719,66129,3,1,3,8,0,300000,irrelevant,irrelevant,irrelevant,irrelevant,irrelevant,irrelevant,irrelevant,
Berlin_1_256,256,256,118,17996,2,3.00926553810506E+82,0.2745972,204.932203389831,465,2,198.9924,196.6395,0.1439209,0,300000,irrelevant,irrelevant,irrelevant,irrelevant,irrelevant,irrelevant,irrelevant,0,300000,irrelevant,irrelevant,irrelevant,irrelevant,irrelevant,irrelevant,irrelevant,irrelevant,irrelevant,irrelevant,irrelevant,irrelevant,irrelevant,irrelevant,irrelevant,irrelevant,irrelevant,irrelevant,irrelevant,irrelevant,irrelevant,irrelevant,irrelevant,irrelevant,irrelevant,irrelevant,irrelevant,irrelevant,irrelevant,irrelevant,irrelevant,irrelevant,irrelevant,0,300000,irrelevant,irrelevant,irrelevant,irrelevant,irrelevant,irrelevant,irrelevant,1,329237.461799994,24190,26829,66394,3,1,3,8,0,300000,irrelevant,irrelevant,irrelevant,irrelevant,irrelevant,irrelevant,irrelevant,
Berlin_1_256,256,256,119,17996,2,1.50463276905253E+83,0.2745972,206.840336134454,465,2,199.9263,197.3163,0.1440887,0,300000,irrelevant,irrelevant,irrelevant,irrelevant,irrelevant,irrelevant,irrelevant,0,300000,irrelevant,irrelevant,irrelevant,irrelevant,irrelevant,irrelevant,irrelevant,irrelevant,irrelevant,irrelevant,irrelevant,irrelevant,irrelevant,irrelevant,irrelevant,irrelevant,irrelevant,irrelevant,irrelevant,irrelevant,irrelevant,irrelevant,irrelevant,irrelevant,irrelevant,irrelevant,irrelevant,irrelevant,irrelevant,irrelevant,irrelevant,irrelevant,irrelevant,0,300000,irrelevant,irrelevant,irrelevant,irrelevant,irrelevant,irrelevant,irrelevant,1,221042.233799994,24622,27261,67482,3,1,3,8,0,300000,irrelevant,irrelevant,irrelevant,irrelevant,irrelevant,irrelevant,irrelevant,
Berlin_1_256,256,256,120,17996,2,7.52316384526264E+83,0.2745972,205.9,465,2,199.324,196.7372,0.1452484,0,300000,irrelevant,irrelevant,irrelevant,irrelevant,irrelevant,irrelevant,irrelevant,0,300000,irrelevant,irrelevant,irrelevant,irrelevant,irrelevant,irrelevant,irrelevant,irrelevant,irrelevant,irrelevant,irrelevant,irrelevant,irrelevant,irrelevant,irrelevant,irrelevant,irrelevant,irrelevant,irrelevant,irrelevant,irrelevant,irrelevant,irrelevant,irrelevant,irrelevant,irrelevant,irrelevant,irrelevant,irrelevant,irrelevant,irrelevant,irrelevant,irrelevant,0,300000,irrelevant,irrelevant,irrelevant,irrelevant,irrelevant,irrelevant,irrelevant,1,222980.795200005,24716,27355,67756,3,1,3,8,0,300000,irrelevant,irrelevant,irrelevant,irrelevant,irrelevant,irrelevant,irrelevant,
Berlin_1_256,256,256,121,17996,2,3.76158192263132E+84,0.2745972,204.223140495868,465,2,199.7521,196.8264,0.1453094,0,300000,irrelevant,irrelevant,irrelevant,irrelevant,irrelevant,irrelevant,irrelevant,0,300000,irrelevant,irrelevant,irrelevant,irrelevant,irrelevant,irrelevant,irrelevant,irrelevant,irrelevant,irrelevant,irrelevant,irrelevant,irrelevant,irrelevant,irrelevant,irrelevant,irrelevant,irrelevant,irrelevant,irrelevant,irrelevant,irrelevant,irrelevant,irrelevant,irrelevant,irrelevant,irrelevant,irrelevant,irrelevant,irrelevant,irrelevant,irrelevant,irrelevant,0,300000,irrelevant,irrelevant,irrelevant,irrelevant,irrelevant,irrelevant,irrelevant,1,339478.6567,24719,27358,67763,3,1,3,8,0,300000,irrelevant,irrelevant,irrelevant,irrelevant,irrelevant,irrelevant,irrelevant,
Berlin_1_256,256,256,122,17996,2,1.88079096131566E+85,0.2745972,204.196721311475,465,2,199.4869,197.2616,0.1477051,0,300000,irrelevant,irrelevant,irrelevant,irrelevant,irrelevant,irrelevant,irrelevant,0,300000,irrelevant,irrelevant,irrelevant,irrelevant,irrelevant,irrelevant,irrelevant,irrelevant,irrelevant,irrelevant,irrelevant,irrelevant,irrelevant,irrelevant,irrelevant,irrelevant,irrelevant,irrelevant,irrelevant,irrelevant,irrelevant,irrelevant,irrelevant,irrelevant,irrelevant,irrelevant,irrelevant,irrelevant,irrelevant,irrelevant,irrelevant,irrelevant,irrelevant,0,300000,irrelevant,irrelevant,irrelevant,irrelevant,irrelevant,irrelevant,irrelevant,0,301642.555000007,-2,27559,68349,3,1,3,8,0,300000,irrelevant,irrelevant,irrelevant,irrelevant,irrelevant,irrelevant,irrelevant,
