,GridName,GridRows,GridColumns,NumOfAgents,NumOfObstacles,InstanceId,BranchingFactor,ObstacleDensity,AvgDistanceToGoal,MaxDistanceToGoal,MinDistanceToGoal,AvgStartDistances,AvgGoalDistances,PointsAtSPRatio,A*+OD+ID Success,A*+OD+ID Runtime,A*+OD+ID Solution Cost,A*+OD+ID Expanded,A*+OD+ID Generated,A*+OD+ID Max Group Size,A*+OD+ID Min Group Size,A*+OD+ID Max Group,A*+OD+ID Solution Depth,MA-CBS-Global-10/(EPEA*/SIC) choosing the first conflict in CBS nodes Success,MA-CBS-Global-10/(EPEA*/SIC) choosing the first conflict in CBS nodes Runtime,MA-CBS-Global-10/(EPEA*/SIC) choosing the first conflict in CBS nodes Solution Cost,MA-CBS-Global-10/(EPEA*/SIC) choosing the first conflict in CBS nodes Expanded (HL),MA-CBS-Global-10/(EPEA*/SIC) choosing the first conflict in CBS nodes Generated (HL),MA-CBS-Global-10/(EPEA*/SIC) choosing the first conflict in CBS nodes Closed List Hits (HL),MA-CBS-Global-10/(EPEA*/SIC) choosing the first conflict in CBS nodes Partial Expansions (HL),MA-CBS-Global-10/(EPEA*/SIC) choosing the first conflict in CBS nodes Adoptions (HL),MA-CBS-Global-10/(EPEA*/SIC) choosing the first conflict in CBS nodes Pruning Successes (HL),MA-CBS-Global-10/(EPEA*/SIC) choosing the first conflict in CBS nodes Pruning Failures (HL),MA-CBS-Global-10/(EPEA*/SIC) choosing the first conflict in CBS nodes Nodes Expanded With Goal Cost (HL),MA-CBS-Global-10/(EPEA*/SIC) choosing the first conflict in CBS nodes Look Ahead Nodes Created (HL),MA-CBS-Global-10/(EPEA*/SIC) choosing the first conflict in CBS nodes Conflicts Bypassed With Adoption (HL),MA-CBS-Global-10/(EPEA*/SIC) choosing the first conflict in CBS nodes Cardinal Conflict Splits (HL),MA-CBS-Global-10/(EPEA*/SIC) choosing the first conflict in CBS nodes Semi-Cardinal Conflict Splits (HL),MA-CBS-Global-10/(EPEA*/SIC) choosing the first conflict in CBS nodes Non-Cardinal Conflict Splits (HL),MA-CBS-Global-10/(EPEA*/SIC) choosing the first conflict in CBS nodes MDDs Built (HL),MA-CBS-Global-10/(EPEA*/SIC) choosing the first conflict in CBS nodes Nodes Pushed Back (HL),MA-CBS-Global-10/(EPEA*/SIC) choosing the first conflict in CBS nodes Restarts (HL),MA-CBS-Global-10/(EPEA*/SIC) choosing the first conflict in CBS nodes Max Group Size (HL),EPEA*/SIC Expanded,EPEA*/SIC Generated,EPEA*/SIC Reopened,EPEA*/SIC BPMX boosts,EPEA*/SIC Closed List Hits,EPEA*/SIC Reopened With Old H,EPEA*/SIC H Updated From Other Area,EPEA*/SIC Max expansion delay,EPEA*/SIC Quick Insertions,EPEA*/SIC Quick Insertions Cancelled,EPEA*/SIC Expanded Full States,MA-CBS-Global-10/(EPEA*/SIC) choosing the first conflict in CBS nodes Quick Insertions,MA-CBS-Global-10/(EPEA*/SIC) choosing the first conflict in CBS nodes Quick Insertions Cancelled,MA-CBS-Global-10/(EPEA*/SIC) choosing the first conflict in CBS nodes Max Group,MA-CBS-Global-10/(EPEA*/SIC) choosing the first conflict in CBS nodes Solution Depth,Basic-CBS/(A*/SIC)+ID Success,Basic-CBS/(A*/SIC)+ID Runtime,Basic-CBS/(A*/SIC)+ID Solution Cost,Basic-CBS/(A*/SIC)+ID Expanded,Basic-CBS/(A*/SIC)+ID Generated,Basic-CBS/(A*/SIC)+ID Max Group Size,Basic-CBS/(A*/SIC)+ID Min Group Size,Basic-CBS/(A*/SIC)+ID Max Group,Basic-CBS/(A*/SIC)+ID Solution Depth,ICTS 3E +ID Success,ICTS 3E +ID Runtime,ICTS 3E +ID Solution Cost,ICTS 3E +ID Expanded,ICTS 3E +ID Generated,ICTS 3E +ID Max Group Size,ICTS 3E +ID Min Group Size,ICTS 3E +ID Max Group,ICTS 3E +ID Solution Depth,EPEA*+ID Success,EPEA*+ID Runtime,EPEA*+ID Solution Cost,EPEA*+ID Expanded,EPEA*+ID Generated,EPEA*+ID Max Group Size,EPEA*+ID Min Group Size,EPEA*+ID Max Group,EPEA*+ID Solution Depth,Unnamed: 85,Y,Y Success,Y Runtime,GridSize,Sparsity
0,den502d,251,211,5,25726,0,3125.0,0.4857537,113.2,204,67,66.4,47.8,0.01078152,1,65.0132,566,566,1589,1,1,1,0,1,33.5736999999999,566,0,1,0,0,0,0,0,0,0,0,0,0,0,0,0,0,1,0,0,0,0,0,0,0,0,0,0,0,0,0,1,0,1,16.28,566,566,1589,1,1,1,0,1,15.7406000000001,566,566,1589,1,1,1,0,1,15.8744,566,566,1589,1,1,1,0,,ICTS 3E +ID Runtime,1,15.7406000000001,52961,0.00018358729575913347
1,ost003d,194,194,5,24422,0,3125.0,0.6489,66.4,141,9,110.0,55.2,0.00874163,1,9.20589999999993,332,332,818,1,1,1,0,1,63.3333,332,1,2,0,1,0,0,0,1,0,0,0,1,0,0,0,0,1,43,86,0,0,0,0,0,0,43,10,43,1,0,1,0,1,8.84750000000008,332,332,818,1,1,1,0,1,8.67660000000001,332,332,818,1,1,1,0,1,9.427300000000288,332,332,818,1,1,1,0,,ICTS 3E +ID Runtime,1,8.67660000000001,37636,0.00037838655970939914
2,brc202d,481,530,5,211779,0,3125.0,0.830734,97.6,338,8,245.2,268.4,0.001929942,1,25.9870000000001,488,488,1329,1,1,1,0,1,1.04950000000008,488,0,1,0,0,0,0,0,0,0,0,0,0,0,0,0,0,1,0,0,0,0,0,0,0,0,0,0,0,0,0,1,0,1,22.2034999999996,488,488,1329,1,1,1,0,1,21.5767000000005,488,488,1329,1,1,1,0,1,19.9493000000002,488,488,1329,1,1,1,0,,MA-CBS-Global-10/(EPEA*/SIC) choosing the first conflict in CBS nodes Runtime,1,1.04950000000008,254930,0.00011587216982225209
3,den502d,251,211,5,25726,1,3125.0,0.4857537,99.6,180,13,65.2,96.8,0.008780045,1,13.3089,498,498,1424,1,1,1,0,1,0.70089999999982,498,0,1,0,0,0,0,0,0,0,0,0,0,0,0,0,0,1,0,0,0,0,0,0,0,0,0,0,0,0,0,1,0,1,14.1282999999994,498,498,1424,1,1,1,0,1,13.277700000000598,498,498,1424,1,1,1,0,1,12.771499999999799,498,498,1424,1,1,1,0,,MA-CBS-Global-10/(EPEA*/SIC) choosing the first conflict in CBS nodes Runtime,1,0.70089999999982,52961,0.00018358729575913347
4,ost003d,194,194,5,24422,1,3125.0,0.6489,145.8,218,75,60.133340000000004,106.1333,0.01522478,1,653.6435,731,21419,40915,2,1,2,2,1,203.6997,731,7,15,0,0,0,0,0,0,0,0,6,0,1,0,0,0,1,21416,15584,11,0,18400,0,0,2503,13736,1009,14682,0,0,1,2,1,146.086399999999,731,1083,2498,2,1,2,2,1,362.80139999999903,731,1085,2498,2,1,2,2,1,375.2611,731,14494,12700,2,1,2,2,,Basic-CBS/(A*/SIC)+ID Runtime,1,146.086399999999,37636,0.00037838655970939914
5,brc202d,481,530,5,211779,1,3125.0,0.830734,184.6,254,99,200.6667,270.2667,0.003208724,1,29.1826999999994,923,923,2553,1,1,1,0,1,26.9944000000014,923,1,3,0,0,0,0,0,1,0,0,0,0,1,0,0,0,1,2436,2765,0,0,1927,0,0,1323,2281,203,2436,0,0,1,0,1,27.8059000000012,923,923,2553,1,1,1,0,1,27.676300000001003,923,923,2553,1,1,1,0,1,29.836599999998697,923,923,2553,1,1,1,0,,MA-CBS-Global-10/(EPEA*/SIC) choosing the first conflict in CBS nodes Runtime,1,26.9944000000014,254930,0.00011587216982225209
6,den502d,251,211,5,25726,2,3125.0,0.4857537,60.6,101,18,17.46667,27.8,0.005758955,1,10.4712,303,303,907,1,1,1,0,1,0.47340000000076504,303,0,1,0,0,0,0,0,0,0,0,0,0,0,0,0,0,1,0,0,0,0,0,0,0,0,0,0,0,0,0,1,0,1,7.71559999999954,303,303,907,1,1,1,0,1,7.60879999999997,303,303,907,1,1,1,0,1,7.321800000001531,303,303,907,1,1,1,0,,MA-CBS-Global-10/(EPEA*/SIC) choosing the first conflict in CBS nodes Runtime,1,0.47340000000076504,52961,0.00018358729575913347
7,ost003d,194,194,5,24422,2,3125.0,0.6489,111.0,247,28,52.133340000000004,104.5333,0.01368371,1,23.3075000000008,555,628,1495,1,1,1,0,1,0.747400000000198,555,0,1,0,0,0,0,0,0,0,0,0,0,0,0,0,0,1,0,0,0,0,0,0,0,0,0,0,0,0,0,1,0,1,26.522300000000502,555,628,1495,1,1,1,0,1,25.153400000001103,555,628,1495,1,1,1,0,1,26.1774000000005,555,628,1495,1,1,1,0,,MA-CBS-Global-10/(EPEA*/SIC) choosing the first conflict in CBS nodes Runtime,1,0.747400000000198,37636,0.00037838655970939914
8,brc202d,481,530,5,211779,2,3125.0,0.830734,81.0,98,51,298.1333,304.4,0.001600439,1,9.9958000000006,405,405,1123,1,1,1,0,1,0.450000000000728,405,0,1,0,0,0,0,0,0,0,0,0,0,0,0,0,0,1,0,0,0,0,0,0,0,0,0,0,0,0,0,1,0,1,10.7969000000012,405,405,1123,1,1,1,0,1,12.079100000002699,405,405,1123,1,1,1,0,1,8.43269999999757,405,405,1123,1,1,1,0,,MA-CBS-Global-10/(EPEA*/SIC) choosing the first conflict in CBS nodes Runtime,1,0.450000000000728,254930,0.00011587216982225209
9,den502d,251,211,10,25726,0,9765625.0,0.4857537,102.4,262,3,120.6182,117.4545,0.01912728,1,61.8395000000019,1024,1024,2892,1,1,1,0,1,1.3539999999993602,1024,0,1,0,0,0,0,0,0,0,0,0,0,0,0,0,0,1,0,0,0,0,0,0,0,0,0,0,0,0,0,1,0,1,55.3425999999963,1024,1024,2892,1,1,1,0,1,56.080600000001105,1024,1024,2892,1,1,1,0,1,55.810000000004905,1024,1024,2892,1,1,1,0,,MA-CBS-Global-10/(EPEA*/SIC) choosing the first conflict in CBS nodes Runtime,1,1.3539999999993602,52961,0.00036717459151826694
10,ost003d,194,194,10,24422,0,9765625.0,0.6489,108.3,247,24,101.9818,122.1091,0.02372728,1,58.00360000000361,1083,1083,2825,1,1,1,0,1,1.65259999999398,1083,0,1,0,0,0,0,0,0,0,0,0,0,0,0,0,0,1,0,0,0,0,0,0,0,0,0,0,0,0,0,1,0,1,56.3050999999978,1083,1083,2825,1,1,1,0,1,55.199499999995204,1083,1083,2825,1,1,1,0,1,57.8077000000048,1083,1083,2825,1,1,1,0,,MA-CBS-Global-10/(EPEA*/SIC) choosing the first conflict in CBS nodes Runtime,1,1.65259999999398,37636,0.0007567731194187983
11,brc202d,481,530,10,211779,0,9765625.0,0.830734,123.8,398,36,288.0727,251.0182,0.0046208759999999995,1,92.86680000000341,1238,1238,3409,1,1,1,0,1,2.04970000000321,1238,0,1,0,0,0,0,0,0,0,0,0,0,0,0,0,0,1,0,0,0,0,0,0,0,0,0,0,0,0,0,1,0,1,100.744900000005,1238,1238,3409,1,1,1,0,1,98.9777000000031,1238,1238,3409,1,1,1,0,1,100.480800000005,1238,1238,3409,1,1,1,0,,MA-CBS-Global-10/(EPEA*/SIC) choosing the first conflict in CBS nodes Runtime,1,2.04970000000321,254930,0.00023174433964450418
12,den502d,251,211,10,25726,1,9765625.0,0.4857537,116.6,246,34,95.30909,121.7818,0.02010914,1,55.274599999996994,1166,1166,3221,1,1,1,0,1,4.9062999999951,1166,1,3,0,0,0,0,0,1,0,0,0,0,1,0,0,0,1,310,610,0,0,0,0,0,0,309,176,310,0,0,1,0,1,56.6965999999957,1166,1166,3221,1,1,1,0,1,57.7416000000012,1166,1166,3221,1,1,1,0,1,61.1119000000035,1166,1166,3221,1,1,1,0,,MA-CBS-Global-10/(EPEA*/SIC) choosing the first conflict in CBS nodes Runtime,1,4.9062999999951,52961,0.00036717459151826694
13,ost003d,194,194,10,24422,1,9765625.0,0.6489,124.2,261,12,126.8727,146.3636,0.02096397,1,66.10959999999609,1242,1247,3024,1,1,1,0,1,22.477300000005897,1242,2,4,0,1,0,0,0,2,0,0,0,1,1,0,0,0,1,1637,1936,0,0,1175,0,0,813,1529,155,1637,2,1,1,0,1,68.7608000000037,1242,1247,3024,1,1,1,0,1,66.2638000000006,1242,1247,3024,1,1,1,0,1,65.71880000000239,1242,1247,3024,1,1,1,0,,MA-CBS-Global-10/(EPEA*/SIC) choosing the first conflict in CBS nodes Runtime,1,22.477300000005897,37636,0.0007567731194187983
14,brc202d,481,530,10,211779,1,9765625.0,0.830734,89.1,243,21,355.1636,343.3636,0.003353862,1,43.0547999999981,891,891,2483,1,1,1,0,1,1.28050000000076,891,0,1,0,0,0,0,0,0,0,0,0,0,0,0,0,0,1,0,0,0,0,0,0,0,0,0,0,0,0,0,1,0,1,48.866399999999,891,891,2483,1,1,1,0,1,46.8266999999978,891,891,2483,1,1,1,0,1,46.776400000002496,891,891,2483,1,1,1,0,,MA-CBS-Global-10/(EPEA*/SIC) choosing the first conflict in CBS nodes Runtime,1,1.28050000000076,254930,0.00023174433964450418
15,den502d,251,211,10,25726,2,9765625.0,0.4857537,157.5,287,46,104.7455,120.7273,0.02592474,1,1596.7736,1577,31516,60181,2,1,2,2,1,99.89969999999451,1577,3,7,0,0,0,0,0,0,0,0,3,0,0,0,0,0,1,9981,6710,2,0,9254,0,0,3238,6187,321,6434,0,0,1,2,1,262.20270000000903,1577,2072,5497,2,1,2,2,1,987.1690999999989,1577,2074,5497,2,1,2,2,1,629.9166000000109,1577,21943,20598,2,1,2,2,,MA-CBS-Global-10/(EPEA*/SIC) choosing the first conflict in CBS nodes Runtime,1,99.89969999999451,52961,0.00036717459151826694
16,ost003d,194,194,10,24422,2,9765625.0,0.6489,146.6,226,35,140.2182,98.69091,0.02465724,1,2794.9473999999896,1468,48158,88722,2,1,2,2,1,297.39169999999297,1468,5,11,0,0,0,0,0,0,0,0,4,1,0,0,0,0,1,30886,19770,5,0,29798,0,0,5202,18304,877,19194,0,0,1,2,1,755.119099999996,1468,2916,6436,3,1,3,2,1,683.310400000002,1468,2915,6429,2,1,2,2,1,1069.0328,1468,32978,29114,2,1,2,2,,MA-CBS-Global-10/(EPEA*/SIC) choosing the first conflict in CBS nodes Runtime,1,297.39169999999297,37636,0.0007567731194187983
17,brc202d,481,530,10,211779,2,9765625.0,0.830734,141.7,281,9,368.0,350.4546,0.004664025,1,125.416599999997,1417,1417,3974,1,1,1,0,1,2.2003000000113397,1417,0,1,0,0,0,0,0,0,0,0,0,0,0,0,0,0,1,0,0,0,0,0,0,0,0,0,0,0,0,0,1,0,1,116.504100000006,1417,1417,3974,1,1,1,0,1,109.909100000004,1417,1417,3974,1,1,1,0,1,129.010300000009,1417,1417,3974,1,1,1,0,,MA-CBS-Global-10/(EPEA*/SIC) choosing the first conflict in CBS nodes Runtime,1,2.2003000000113397,254930,0.00023174433964450418
18,den502d,251,211,15,25726,0,30517578125.0,0.4857537,124.866666666667,261,20,90.36667,82.99167,0.02828497,1,127.040600000008,1873,1887,5253,1,1,1,0,1,2.90099999999802,1873,0,1,0,0,0,0,0,0,0,0,0,0,0,0,0,0,1,0,0,0,0,0,0,0,0,0,0,0,0,0,1,0,1,119.348899999997,1873,1887,5253,1,1,1,0,1,125.72689999999399,1873,1887,5253,1,1,1,0,1,124.807400000005,1873,1887,5253,1,1,1,0,,MA-CBS-Global-10/(EPEA*/SIC) choosing the first conflict in CBS nodes Runtime,1,2.90099999999802,52961,0.0005507618872774004
19,ost003d,194,194,15,24422,0,30517578125.0,0.6489,84.2,213,7,126.9333,127.9833,0.02874907,1,76.1378000000113,1263,1263,3188,1,1,1,0,1,29.1339000000007,1263,1,3,0,0,0,0,0,1,0,0,0,0,1,0,0,0,1,1961,2231,0,0,1503,0,0,1168,1846,214,1961,0,0,1,0,1,81.3916000000027,1263,1263,3188,1,1,1,0,1,83.13469999999509,1263,1263,3188,1,1,1,0,1,78.29229999998641,1263,1263,3188,1,1,1,0,,MA-CBS-Global-10/(EPEA*/SIC) choosing the first conflict in CBS nodes Runtime,1,29.1339000000007,37636,0.0011351596791281974
20,brc202d,481,530,15,211779,0,30517578125.0,0.830734,125.733333333333,242,20,395.6,436.8667,0.006692033000000001,1,131.634600000005,1886,2092,5501,1,1,1,0,1,5.86680000000342,1886,1,3,0,0,0,0,0,1,0,0,0,0,1,0,0,0,1,263,526,0,0,0,0,0,0,263,134,263,0,0,1,0,1,131.287599999996,1886,2092,5501,1,1,1,0,1,132.054999999993,1886,2092,5501,1,1,1,0,1,136.442600000009,1886,2092,5501,1,1,1,0,,MA-CBS-Global-10/(EPEA*/SIC) choosing the first conflict in CBS nodes Runtime,1,5.86680000000342,254930,0.0003476165094667563
21,den502d,251,211,15,25726,1,30517578125.0,0.4857537,120.666666666667,236,13,86.75,98.06667,0.02592474,1,114.02579999998899,1810,1822,5180,1,1,1,0,1,6.64280000000144,1810,1,3,0,0,0,0,0,1,0,0,0,0,1,0,0,0,1,354,669,0,0,0,0,0,0,354,166,354,0,0,1,0,1,114.44490000000201,1810,1822,5180,1,1,1,0,1,111.947400000005,1810,1822,5180,1,1,1,0,1,109.656600000002,1810,1822,5180,1,1,1,0,,MA-CBS-Global-10/(EPEA*/SIC) choosing the first conflict in CBS nodes Runtime,1,6.64280000000144,52961,0.0005507618872774004
22,ost003d,194,194,15,24422,1,30517578125.0,0.6489,80.7333333333333,131,11,160.0333,128.0667,0.02731427,1,47.4054000000033,1211,1211,3032,1,1,1,0,1,3.17440000000352,1211,1,2,0,1,0,0,0,1,0,0,0,1,0,0,0,0,1,126,250,0,0,0,0,0,0,125,71,126,1,0,1,0,1,48.346400000009496,1211,1211,3032,1,1,1,0,1,49.2623999999923,1211,1211,3032,1,1,1,0,1,48.808000000004505,1211,1211,3032,1,1,1,0,,MA-CBS-Global-10/(EPEA*/SIC) choosing the first conflict in CBS nodes Runtime,1,3.17440000000352,37636,0.0011351596791281974
23,brc202d,481,530,15,211779,1,30517578125.0,0.830734,158.13333333333298,403,32,425.7,402.9167,0.00849645,1,229.82050000000197,2372,2383,6545,1,1,1,0,1,3.9115999999921804,2372,0,1,0,0,0,0,0,0,0,0,0,0,0,0,0,0,1,0,0,0,0,0,0,0,0,0,0,0,0,0,1,0,1,229.366699999999,2372,2383,6545,1,1,1,0,1,228.269800000009,2372,2383,6545,1,1,1,0,1,233.455100000007,2372,2383,6545,1,1,1,0,,MA-CBS-Global-10/(EPEA*/SIC) choosing the first conflict in CBS nodes Runtime,1,3.9115999999921804,254930,0.0003476165094667563
24,den502d,251,211,15,25726,2,30517578125.0,0.4857537,83.8666666666667,196,16,101.0417,90.05,0.02188403,1,76.3078999999852,1258,1258,3523,1,1,1,0,1,3.46479999998701,1258,1,3,0,0,0,0,0,1,0,0,0,0,1,0,0,0,1,83,166,0,0,0,0,0,0,83,53,83,0,0,1,0,1,71.1731999999902,1258,1258,3523,1,1,1,0,1,72.4128000000201,1258,1258,3523,1,1,1,0,1,74.1264000000083,1258,1258,3523,1,1,1,0,,MA-CBS-Global-10/(EPEA*/SIC) choosing the first conflict in CBS nodes Runtime,1,3.46479999998701,52961,0.0005507618872774004
25,ost003d,194,194,15,24422,2,30517578125.0,0.6489,90.6,208,16,137.3,122.25,0.027022000000000004,1,78.2951000000176,1359,1366,3396,1,1,1,0,1,5.2196999999869105,1359,1,3,0,0,0,0,0,1,0,0,0,1,0,0,0,0,1,222,327,1,0,53,0,0,48,207,96,222,1,0,1,0,1,78.7467999999935,1359,1366,3396,1,1,1,0,1,74.875400000019,1359,1366,3396,1,1,1,0,1,81.1609999999928,1359,1366,3396,1,1,1,0,,MA-CBS-Global-10/(EPEA*/SIC) choosing the first conflict in CBS nodes Runtime,1,5.2196999999869105,37636,0.0011351596791281974
26,brc202d,481,530,15,211779,2,30517578125.0,0.830734,128.666666666667,432,10,344.9833,344.8833,0.007217668000000001,1,196.984899999981,1930,1930,5291,1,1,1,0,1,57.9179000000004,1930,2,5,0,0,0,0,0,2,0,0,0,2,0,0,0,0,1,4493,4392,0,0,3099,0,0,1377,3497,494,4034,2,0,1,0,1,201.698400000023,1930,1930,5291,1,1,1,0,1,201.44409999999297,1930,1930,5291,1,1,1,0,1,206.188800000004,1930,1930,5291,1,1,1,0,,MA-CBS-Global-10/(EPEA*/SIC) choosing the first conflict in CBS nodes Runtime,1,57.9179000000004,254930,0.0003476165094667563
27,den502d,251,211,20,25726,0,95367431640625.0,0.4857537,120.35,256,45,89.32858,85.27143000000001,0.03895319,1,202.187199999986,2407,2407,6761,1,1,1,0,1,7.832400000013879,2407,1,3,0,0,0,0,0,1,0,0,0,0,1,0,0,0,1,242,478,0,0,0,0,0,0,242,185,242,0,0,1,0,1,201.80910000001302,2407,2407,6761,1,1,1,0,1,202.893899999995,2407,2407,6761,1,1,1,0,1,204.042199999996,2407,2407,6761,1,1,1,0,,MA-CBS-Global-10/(EPEA*/SIC) choosing the first conflict in CBS nodes Runtime,1,7.832400000013879,52961,0.0007343491830365339
28,ost003d,194,194,20,24422,0,95367431640625.0,0.6489,107.45,341,16,133.7429,137.1667,0.03390371,1,941.440800000011,2151,19521,37954,2,1,2,2,1,8204.672100000029,2151,33,45,6,2,0,0,0,2,0,0,10,2,7,0,0,0,2,249726,174756,612,0,724391,0,0,25806,151757,9841,166604,13,2,2,2,1,1851.8754999999899,2151,2540,5926,8,1,8,2,1,550.90849999999,2151,2512,5868,2,1,2,2,1,563.018699999986,2151,13688,14404,2,1,2,2,,ICTS 3E +ID Runtime,1,550.90849999999,37636,0.0015135462388375966
29,brc202d,481,530,20,211779,0,95367431640625.0,0.830734,105.95,222,10,380.8476,403.3857,0.008261091,1,156.402500000026,2119,2119,5749,1,1,1,0,1,3.16630000001169,2119,0,1,0,0,0,0,0,0,0,0,0,0,0,0,0,0,1,0,0,0,0,0,0,0,0,0,0,0,0,0,1,0,1,150.64929999998998,2119,2119,5749,1,1,1,0,1,147.364600000001,2119,2119,5749,1,1,1,0,1,153.97490000000099,2119,2119,5749,1,1,1,0,,MA-CBS-Global-10/(EPEA*/SIC) choosing the first conflict in CBS nodes Runtime,1,3.16630000001169,254930,0.00046348867928900836
30,den502d,251,211,20,25726,1,95367431640625.0,0.4857537,86.05,190,43,87.30951999999999,74.05238,0.03090954,1,120.90469999998501,1721,1741,4969,1,1,1,0,1,2.37700000000768,1721,0,1,0,0,0,0,0,0,0,0,0,0,0,0,0,0,1,0,0,0,0,0,0,0,0,0,0,0,0,0,1,0,1,110.856999999989,1721,1741,4969,1,1,1,0,1,118.0239,1721,1741,4969,1,1,1,0,1,116.439799999993,1721,1741,4969,1,1,1,0,,MA-CBS-Global-10/(EPEA*/SIC) choosing the first conflict in CBS nodes Runtime,1,2.37700000000768,52961,0.0007343491830365339
31,ost003d,194,194,20,24422,1,95367431640625.0,0.6489,119.4,285,11,163.4286,118.9714,0.0352588,0,300017.7547,-2,60426,125758,3,1,3,1,1,867.14380000002,2391,23,35,0,12,0,0,0,0,0,0,9,12,2,0,0,0,1,70717,51626,29,0,61087,0,0,2822,47534,2067,50378,6,1,1,3,1,3101.8629000000105,2391,4680,10282,8,1,8,3,0,300002.37100000004,-2,4646,10229,3,1,3,1,1,63031.7973,2391,361644,295471,3,1,3,3,,MA-CBS-Global-10/(EPEA*/SIC) choosing the first conflict in CBS nodes Runtime,1,867.14380000002,37636,0.0015135462388375966
32,brc202d,481,530,20,211779,1,95367431640625.0,0.830734,144.7,387,30,382.0762,342.1048,0.009359431999999999,1,354.905299999984,2894,2894,7762,1,1,1,0,1,4.8361999999033305,2894,0,1,0,0,0,0,0,0,0,0,0,0,0,0,0,0,1,0,0,0,0,0,0,0,0,0,0,0,0,0,1,0,1,360.284500000067,2894,2894,7762,1,1,1,0,1,356.70140000002,2894,2894,7762,1,1,1,0,1,354.85400000004995,2894,2894,7762,1,1,1,0,,MA-CBS-Global-10/(EPEA*/SIC) choosing the first conflict in CBS nodes Runtime,1,4.8361999999033305,254930,0.00046348867928900836
33,den502d,251,211,20,25726,2,95367431640625.0,0.4857537,103.05,189,27,97.57619,107.719,0.03055078,1,3980.14319999993,2063,51244,95057,2,1,2,2,1,168.13119999994498,2063,4,9,0,0,0,0,0,1,0,0,3,1,0,0,0,0,1,14604,9203,20,0,14221,0,0,4168,8625,394,8933,2,0,1,2,1,1105.83999999997,2063,2960,7756,5,1,5,2,1,615.01939999999,2063,2953,7735,2,1,2,2,1,1271.41909999994,2063,34864,31736,2,1,2,2,,MA-CBS-Global-10/(EPEA*/SIC) choosing the first conflict in CBS nodes Runtime,1,168.13119999994498,52961,0.0007343491830365339
34,ost003d,194,194,20,24422,2,95367431640625.0,0.6489,101.45,275,6,146.6714,146.019,0.0389255,1,3990.1289999999603,2031,57806,106317,2,1,2,2,1,285.996900000027,2031,4,8,0,1,0,0,0,1,0,0,3,1,0,0,0,0,1,24140,16823,8,0,22377,0,0,6240,15493,748,16316,2,0,1,2,1,4972.174,2031,3047,7057,9,1,9,2,1,1009.90560000006,2031,3024,7004,2,1,2,2,1,1464.4625000000199,2031,39306,34373,2,1,2,2,,MA-CBS-Global-10/(EPEA*/SIC) choosing the first conflict in CBS nodes Runtime,1,285.996900000027,37636,0.0015135462388375966
35,brc202d,481,530,20,211779,2,95367431640625.0,0.830734,158.85,336,20,398.1,343.4381,0.01005374,1,309.098199999891,3177,3201,8711,1,1,1,0,1,84.7697999998927,3177,4,8,0,1,0,0,0,4,0,0,0,1,3,0,0,0,1,5523,6087,0,0,3978,0,0,1361,5067,592,5523,5,1,1,0,1,319.496599999955,3177,3201,8711,1,1,1,0,1,323.842500000028,3177,3201,8711,1,1,1,0,1,327.16109999991,3177,3201,8711,1,1,1,0,,MA-CBS-Global-10/(EPEA*/SIC) choosing the first conflict in CBS nodes Runtime,1,84.7697999998927,254930,0.00046348867928900836
36,den502d,251,211,25,25726,0,2.98023223876953e+17,0.4857537,130.24,292,30,78.94154,76.19385,0.04956478,1,359.07380000001297,3256,3256,9193,1,1,1,0,1,16.8797999999952,3256,2,5,0,0,0,0,0,2,0,0,0,1,1,0,0,0,1,869,1367,0,0,149,0,0,135,816,305,824,2,0,1,0,1,351.88219999999296,3256,3256,9193,1,1,1,0,1,357.07019999995794,3256,3256,9193,1,1,1,0,1,366.047600000049,3256,3256,9193,1,1,1,0,,MA-CBS-Global-10/(EPEA*/SIC) choosing the first conflict in CBS nodes Runtime,1,16.8797999999952,52961,0.0009179364787956673
37,ost003d,194,194,25,24422,0,2.98023223876953e+17,0.6489,102.32,307,8,173.68,137.2185,0.04275162,1,1195.0223999999,2559,15258,36430,2,1,2,1,1,293.829600000056,2559,22,25,9,1,0,0,0,2,0,0,0,3,9,0,0,0,2,11079,11549,52,0,17932,0,0,5248,8675,1482,9971,12,0,2,1,0,300003.9215,-2,3080,7363,2,1,2,0,1,733.474500000011,2559,3083,7366,2,1,2,1,1,672.506199999945,2559,10154,13476,2,1,2,1,,MA-CBS-Global-10/(EPEA*/SIC) choosing the first conflict in CBS nodes Runtime,1,293.829600000056,37636,0.0018919327985469957
38,brc202d,481,530,25,211779,0,2.98023223876953e+17,0.830734,129.16,351,17,428.72,457.1692,0.01131683,1,445.79310000012606,3229,3229,8799,1,1,1,0,1,29.466999999945998,3229,1,3,0,0,0,0,0,1,0,0,0,0,1,0,0,0,1,1515,1901,1,0,956,0,0,574,1437,168,1515,0,0,1,0,1,445.296700000064,3229,3229,8799,1,1,1,0,1,446.29940000013397,3229,3229,8799,1,1,1,0,1,445.87810000008903,3229,3229,8799,1,1,1,0,,MA-CBS-Global-10/(EPEA*/SIC) choosing the first conflict in CBS nodes Runtime,1,29.466999999945998,254930,0.0005793608491112605
39,den502d,251,211,25,25726,1,2.98023223876953e+17,0.4857537,107.6,234,9,70.17538,77.03693,0.03819792,1,501.187799999956,2692,9447,22594,2,1,2,2,1,4946.40550000011,2692,51,67,10,0,0,0,0,0,0,0,10,0,15,0,0,0,2,185453,143002,773,0,379184,0,0,8416,122263,9571,135465,15,6,2,2,1,690.273199999938,2692,3140,8485,3,1,3,2,1,386.776799999876,2692,3139,8478,2,1,2,2,1,401.13470000005304,2692,7279,11641,2,1,2,2,,ICTS 3E +ID Runtime,1,386.776799999876,52961,0.0009179364787956673
40,ost003d,194,194,25,24422,1,2.98023223876953e+17,0.6489,108.24,349,5,135.6,125.5569,0.03972261,1,17129.3694,2708,148665,407326,3,1,3,2,1,445.337899999926,2708,19,35,0,4,0,0,0,6,0,0,8,10,1,0,0,0,1,32572,23150,15,0,28523,0,0,2621,20289,1566,21951,11,0,1,2,1,4002.6202,2708,3508,8351,11,1,11,2,1,2034.66870000004,2708,3460,8257,3,1,3,2,1,5692.0344,2708,66104,58379,3,1,3,2,,MA-CBS-Global-10/(EPEA*/SIC) choosing the first conflict in CBS nodes Runtime,1,445.337899999926,37636,0.0018919327985469957
41,brc202d,481,530,25,211779,1,2.98023223876953e+17,0.830734,114.44,255,26,448.72,449.5323,0.009736006,1,281.283700000029,2861,2861,7726,1,1,1,0,1,26.6979000000283,2861,1,3,0,0,0,0,0,1,0,0,0,1,0,0,0,0,1,1295,1129,0,0,1008,0,0,723,956,77,1054,0,0,1,0,1,293.852700000163,2861,2861,7726,1,1,1,0,1,286.8554,2861,2861,7726,1,1,1,0,1,287.9402999999,2861,2861,7726,1,1,1,0,,MA-CBS-Global-10/(EPEA*/SIC) choosing the first conflict in CBS nodes Runtime,1,26.6979000000283,254930,0.0005793608491112605
42,den502d,251,211,25,25726,2,2.98023223876953e+17,0.4857537,120.72,270,2,103.5508,109.32,0.04093578,1,1860.3732000000302,3021,36067,115928,2,1,2,3,0,300011.2841,-2,71,103,8,0,0,0,0,47,0,0,10,4,26,0,0,0,2,4006941,1758122,4792,0,15764561,0,0,2637863,1556723,55359,1684609,37,2,2,2,0,300005.0689,-2,3570,9395,2,1,2,2,1,1458.6898000000501,3021,3575,9398,2,1,2,3,1,963.4067999999969,3021,19848,25552,2,1,2,3,,EPEA*+ID Runtime,1,963.4067999999969,52961,0.0009179364787956673
43,ost003d,194,194,25,24422,2,2.98023223876953e+17,0.6489,102.4,270,17,143.3415,167.2677,0.03897864,0,300016.4335,-2,27329,48913,3,1,3,0,1,19620.1774999998,2564,25,29,0,18,0,0,0,0,0,0,0,18,3,0,0,0,2,460124,249074,96,0,1572364,0,0,48778,241144,6479,248448,4,0,2,4,1,4922.946,2564,2841,6811,13,1,13,4,0,300009.3659,-2,2800,6762,3,1,3,0,0,300009.0482,-2,23682,18990,3,1,3,0,,Basic-CBS/(A*/SIC)+ID Runtime,1,4922.946,37636,0.0018919327985469957
44,brc202d,481,530,25,211779,2,2.98023223876953e+17,0.830734,125.68,274,11,418.0308,374.56,0.01069313,1,339.879900000058,3142,3200,8705,1,1,1,0,1,6.73109999997541,3142,0,1,0,0,0,0,0,0,0,0,0,0,0,0,0,0,1,0,0,0,0,0,0,0,0,0,0,0,0,0,1,0,1,382.04899999964994,3142,3200,8705,1,1,1,0,1,344.846299999859,3142,3200,8705,1,1,1,0,1,341.073100000154,3142,3200,8705,1,1,1,0,,MA-CBS-Global-10/(EPEA*/SIC) choosing the first conflict in CBS nodes Runtime,1,6.73109999997541,254930,0.0005793608491112605
45,den502d,251,211,30,25726,0,9.31322574615479e+20,0.4857537,124.0,285,5,84.36774,99.23656,0.05041445,1,978.1578000001609,3721,17225,52500,2,1,2,1,1,35491.3324000002,3721,54,76,8,1,0,0,0,4,0,0,0,7,23,0,0,0,2,817632,802858,1399,0,2267494,0,0,48531,666282,64945,739439,36,6,2,1,0,300007.2863,-2,4603,12245,2,1,2,0,1,1055.15510000009,3721,4606,12248,2,1,2,1,1,762.986199999694,3721,10741,18490,2,1,2,1,,EPEA*+ID Runtime,1,762.986199999694,52961,0.0011015237745548008
46,ost003d,194,194,30,24422,0,9.31322574615479e+20,0.6489,115.0,273,2,144.9097,151.0645,0.05133383,1,447.431799999904,3450,3510,8828,1,1,1,0,1,191.049699999858,3450,6,13,0,0,0,0,0,6,0,0,0,3,3,0,0,0,1,10397,10542,6,0,8456,0,0,1673,8971,726,9556,5,1,1,0,1,485.53599999984704,3450,3510,8828,1,1,1,0,1,478.733299999963,3450,3510,8828,1,1,1,0,1,479.61730000004206,3450,3510,8828,1,1,1,0,,MA-CBS-Global-10/(EPEA*/SIC) choosing the first conflict in CBS nodes Runtime,1,191.049699999858,37636,0.002270319358256395
47,brc202d,481,530,30,211779,0,9.31322574615479e+20,0.830734,131.0,324,36,338.286,372.2086,0.01223865,0,300015.5889,-2,71612,137595,3,1,3,3,0,300004.4997,-2,110,141,20,0,0,0,0,16,0,0,28,7,16,0,0,0,3,3394382,2255707,78,0,17393311,0,0,482202,2146605,91076,2239788,35,0,3,5,1,2118.38370000012,3936,4749,12311,3,1,3,6,1,5138.851999999961,3936,4752,12312,3,1,3,6,1,130286.2489,3936,541168,382823,3,1,3,6,,Basic-CBS/(A*/SIC)+ID Runtime,1,2118.38370000012,254930,0.0006952330189335126
48,den502d,251,211,30,25726,1,9.31322574615479e+20,0.4857537,89.0,198,8,69.79785,69.6086,0.04456109,1,321.64449999993695,2670,2898,8112,1,1,1,0,1,47.8385000000708,2670,3,7,0,0,0,0,0,3,0,0,0,1,2,0,0,0,1,1374,1587,1,0,677,0,0,835,1055,272,1096,2,0,1,0,1,345.346200000029,2670,2898,8112,1,1,1,0,1,351.02309999987506,2670,2898,8112,1,1,1,0,1,344.3628999996,2670,2898,8112,1,1,1,0,,MA-CBS-Global-10/(EPEA*/SIC) choosing the first conflict in CBS nodes Runtime,1,47.8385000000708,52961,0.0011015237745548008
49,ost003d,194,194,30,24422,1,9.31322574615479e+20,0.6489,151.433333333333,334,40,166.6602,149.5957,0.05316718,0,300039.2361,-2,88721,162502,3,1,3,0,0,300027.300799999,-2,84,133,0,10,0,0,0,12,0,0,20,10,29,0,0,0,2,2030896,1568711,2950,0,5623870,0,0,67473,1482617,65053,1550626,42,22,2,1,0,300064.6082,-2,6062,14230,16,1,16,0,0,300009.1328,-2,5725,13539,3,1,3,0,0,300014.986900001,-2,60465,54958,3,1,3,0,,ICTS 3E +ID Runtime,0,300009.1328,37636,0.002270319358256395
50,brc202d,481,530,30,211779,1,9.31322574615479e+20,0.830734,123.433333333333,335,3,379.9979,388.6495,0.01130899,1,2040.10470000003,3703,3716,10208,1,1,1,0,1,162.79099999927,3703,2,5,0,0,0,0,0,2,0,0,0,0,2,0,0,0,1,2015,2729,0,0,1162,0,0,1388,1952,364,2015,3,0,1,0,1,2118.14190000016,3703,3716,10208,1,1,1,0,1,2116.91759999935,3703,3716,10208,1,1,1,0,1,2226.7708000000603,3703,3716,10208,1,1,1,0,,MA-CBS-Global-10/(EPEA*/SIC) choosing the first conflict in CBS nodes Runtime,1,162.79099999927,254930,0.0006952330189335126
51,den502d,251,211,30,25726,2,9.31322574615479e+20,0.4857537,124.1,241,9,104.1892,101.228,0.05454957,1,2443.4537000004198,3723,5433,13990,1,1,1,0,1,239.044799999334,3723,2,5,0,0,0,0,0,2,0,0,0,0,2,0,0,0,1,1268,1916,0,0,568,0,0,578,1231,261,1268,1,1,1,0,1,2112.0043999999803,3723,5433,13990,1,1,1,0,1,2030.25290000066,3723,5433,13990,1,1,1,0,1,2109.84700000007,3723,5433,13990,1,1,1,0,,MA-CBS-Global-10/(EPEA*/SIC) choosing the first conflict in CBS nodes Runtime,1,239.044799999334,52961,0.0011015237745548008
52,ost003d,194,194,30,24422,2,9.31322574615479e+20,0.6489,110.133333333333,254,17,146.514,145.486,0.05061643,1,1623.4935999997,3304,4568,10899,1,1,1,0,1,723.451799999923,3304,12,23,0,2,0,0,0,12,0,0,0,6,6,0,0,0,1,10032,10116,5,0,7325,0,0,1157,7994,1010,8687,11,2,1,0,1,1640.5914999991699,3304,4568,10899,1,1,1,0,1,1604.5708999997,3304,4568,10899,1,1,1,0,1,1665.1971000004598,3304,4568,10899,1,1,1,0,,MA-CBS-Global-10/(EPEA*/SIC) choosing the first conflict in CBS nodes Runtime,1,723.451799999923,37636,0.002270319358256395
53,brc202d,481,530,30,211779,2,9.31322574615479e+20,0.830734,132.3,318,19,411.4624,410.3548,0.01265053,1,1930.08909999952,3969,3984,10874,1,1,1,0,1,175.844399999827,3969,2,5,0,0,0,0,0,2,0,0,0,1,1,0,0,0,1,1116,1319,0,0,441,0,0,250,963,161,1033,1,0,1,0,1,1943.8233000002801,3969,3984,10874,1,1,1,0,1,2003.8497999999697,3969,3984,10874,1,1,1,0,1,1991.5437000002698,3969,3984,10874,1,1,1,0,,MA-CBS-Global-10/(EPEA*/SIC) choosing the first conflict in CBS nodes Runtime,1,175.844399999827,254930,0.0006952330189335126
54,den502d,251,211,35,25726,0,2.91038304567337e+24,0.4857537,98.1428571428571,271,9,109.9968,107.8127,0.04829969,1,2090.3515999997,3435,3436,9540,1,1,1,0,1,147.23379999958001,3435,4,7,0,2,0,0,0,4,0,0,0,2,2,0,0,0,1,1424,2288,0,0,514,0,0,546,1387,492,1424,4,1,1,0,1,2150.21449999977,3435,3436,9540,1,1,1,0,1,2138.02670000028,3435,3436,9540,1,1,1,0,1,2195.3331000004,3435,3436,9540,1,1,1,0,,MA-CBS-Global-10/(EPEA*/SIC) choosing the first conflict in CBS nodes Runtime,1,147.23379999958001,52961,0.0012851110703139342
55,ost003d,194,194,35,24422,0,2.91038304567337e+24,0.6489,124.2,343,13,153.8032,149.654,0.05130726,1,6225.2165000001005,4352,30377,64467,2,1,2,5,0,300023.4345,-2,247,315,10,0,0,0,0,3,0,0,29,30,19,0,0,0,3,2746180,2312417,12055,0,8003804,0,0,171413,1867464,197359,2163927,121,14,3,4,0,300059.4759,-2,6454,15024,13,1,13,0,1,6515.2790000001005,4352,5316,12728,2,1,2,5,1,4551.89239999931,4352,21956,25804,2,1,2,5,,EPEA*+ID Runtime,1,4551.89239999931,37636,0.002648705917965794
56,brc202d,481,530,35,211779,0,2.91038304567337e+24,0.830734,154.65714285714301,365,6,423.8349,419.9333,0.01562782,1,5721.05429999996,5415,24050,53078,2,1,2,2,1,86432.93630000019,5415,65,87,10,0,0,0,0,0,0,0,10,0,21,0,0,0,2,713069,519454,505,0,1966442,0,0,26741,429721,43340,491327,32,8,2,2,1,5318.28060000017,5415,5874,15820,2,1,2,2,1,5164.27000000048,5415,5876,15820,2,1,2,2,1,4966.41289999988,5415,18058,25321,2,1,2,2,,EPEA*+ID Runtime,1,4966.41289999988,254930,0.0008111051887557646
57,den502d,251,211,35,25726,1,2.91038304567337e+24,0.4857537,92.42857142857142,229,12,97.42381,82.68889,0.0490172,1,2416.58809999935,3235,3303,9086,1,1,1,0,1,135.167899999768,3235,4,7,0,2,0,0,0,4,0,0,0,2,2,0,0,0,1,1067,2115,0,0,18,0,0,18,1066,576,1067,4,1,1,0,1,2476.8694000001997,3235,3303,9086,1,1,1,0,1,2764.40130000003,3235,3303,9086,1,1,1,0,1,3109.8853000002,3235,3303,9086,1,1,1,0,,MA-CBS-Global-10/(EPEA*/SIC) choosing the first conflict in CBS nodes Runtime,1,135.167899999768,52961,0.0012851110703139342
58,ost003d,194,194,35,24422,1,2.91038304567337e+24,0.6489,108.857142857143,211,17,158.0159,143.2127,0.04923477,0,300037.0579,-2,121236,277118,4,1,4,4,0,300012.471799999,-2,182,237,11,39,0,0,0,29,0,0,30,63,12,0,0,0,3,1740370,1140927,1633,0,5870658,0,0,75260,1033788,50932,1129844,93,8,3,5,1,16842.3905000007,3816,4811,11515,8,1,8,6,0,300006.457099999,-2,4767,11449,4,1,4,4,0,300042.3358,-2,422537,321735,5,1,5,4,,Basic-CBS/(A*/SIC)+ID Runtime,1,16842.3905000007,37636,0.002648705917965794
59,brc202d,481,530,35,211779,1,2.91038304567337e+24,0.830734,146.314285714286,380,27,439.2825,448.1175,0.01586318,1,5787.74469999969,5123,11722,27065,2,1,2,2,1,657.497300000861,5123,9,12,0,7,0,0,0,2,0,0,0,8,1,0,0,0,1,10293,8661,3,0,8618,0,0,2153,7408,720,7945,4,0,1,2,1,5422.76889999956,5123,5263,14295,2,1,2,2,1,5445.83379999921,5123,5266,14299,2,1,2,2,1,5707.87319999933,5123,9538,17503,2,1,2,2,,MA-CBS-Global-10/(EPEA*/SIC) choosing the first conflict in CBS nodes Runtime,1,657.497300000861,254930,0.0008111051887557646
60,den502d,251,211,35,25726,2,2.91038304567337e+24,0.4857537,106.2,254,3,113.4222,101.2413,0.05558807,1,1741.97529999912,3717,3728,10537,1,1,1,0,1,373.309100000188,3717,4,7,0,2,0,0,0,4,0,0,0,3,1,0,0,0,1,5692,6243,1,0,4695,0,0,3157,5407,490,5669,3,1,1,0,1,2201.246199999,3717,3728,10537,1,1,1,0,1,2029.38269999996,3717,3728,10537,1,1,1,0,1,1767.7493000011898,3717,3728,10537,1,1,1,0,,MA-CBS-Global-10/(EPEA*/SIC) choosing the first conflict in CBS nodes Runtime,1,373.309100000188,52961,0.0012851110703139342
61,ost003d,194,194,35,24422,2,2.91038304567337e+24,0.6489,96.42857142857142,267,6,155.7556,140.3492,0.04806568,0,300057.8716,-2,267528,596511,4,1,4,0,0,300023.33369999897,-2,33,46,0,17,0,0,0,11,0,0,6,22,2,0,0,0,3,735469,411139,727,0,6145022,0,0,517066,398865,6252,407791,10,1,3,3,1,29844.1078999992,3382,4033,9629,8,1,8,7,0,300002.495300001,-2,3915,9498,4,1,4,0,0,300014.4888,-2,151809,99580,4,1,4,0,,Basic-CBS/(A*/SIC)+ID Runtime,1,29844.1078999992,37636,0.002648705917965794
62,brc202d,481,530,35,211779,2,2.91038304567337e+24,0.830734,132.257142857143,449,9,388.6825,420.8191,0.01517279,1,4607.80370000005,4629,4643,12682,1,1,1,0,1,154.193399999291,4629,2,4,0,1,0,0,0,2,0,0,0,1,1,0,0,0,1,1747,2201,0,0,1024,0,0,770,1595,369,1747,1,0,1,0,1,4739.211299998689,4629,4643,12682,1,1,1,0,1,4714.51459999941,4629,4643,12682,1,1,1,0,1,4748.83170000091,4629,4643,12682,1,1,1,0,,MA-CBS-Global-10/(EPEA*/SIC) choosing the first conflict in CBS nodes Runtime,1,154.193399999291,254930,0.0008111051887557646
63,den502d,251,211,40,25726,0,9.094947017729279e+27,0.4857537,114.425,279,19,92.03293000000001,102.2866,0.06112045,1,3856.82370000146,4577,6410,16557,1,1,1,0,1,749.538000000641,4577,9,18,0,1,0,0,0,9,0,0,0,5,4,0,0,0,1,11189,11019,5,0,8331,0,0,2565,9040,1029,9449,8,2,1,0,1,3863.63460000046,4577,6410,16557,1,1,1,0,1,4138.70009999909,4577,6410,16557,1,1,1,0,1,3883.19070000015,4577,6410,16557,1,1,1,0,,MA-CBS-Global-10/(EPEA*/SIC) choosing the first conflict in CBS nodes Runtime,1,749.538000000641,52961,0.0014686983660730677
64,ost003d,194,194,40,24422,0,9.094947017729279e+27,0.6489,107.325,311,6,141.2268,140.6817,0.05779041,1,52261.5757999998,4302,159597,356709,2,1,2,9,0,300003.6887,-2,143,162,33,10,0,0,0,27,0,0,31,20,11,0,0,0,2,2063377,1408667,9467,0,6420670,0,0,82044,1217512,65160,1359361,49,1,2,6,1,103557.53250000099,4302,8266,18526,11,1,11,9,1,17531.8409000002,4302,8012,18059,2,1,2,9,1,18278.5231999997,4302,101857,94577,2,1,2,9,,ICTS 3E +ID Runtime,1,17531.8409000002,37636,0.003027092477675193
65,brc202d,481,530,40,211779,0,9.094947017729279e+27,0.830734,112.0,321,11,407.45,413.7378,0.01444318,1,3289.2050000000704,4480,5050,13401,1,1,1,0,1,515.098799999803,4480,6,13,0,0,0,0,0,6,0,0,0,1,5,0,0,0,1,6956,7715,0,0,4877,0,0,1846,5945,887,6341,6,3,1,0,1,3356.97880000062,4480,5050,13401,1,1,1,0,1,3416.4873000010803,4480,5050,13401,1,1,1,0,1,3392.27209999971,4480,5050,13401,1,1,1,0,,MA-CBS-Global-10/(EPEA*/SIC) choosing the first conflict in CBS nodes Runtime,1,515.098799999803,254930,0.0009269773585780167
66,den502d,251,211,40,25726,1,9.094947017729279e+27,0.4857537,124.55,268,11,105.7707,109.1488,0.06187572,0,300043.523,-2,53656,103357,3,1,3,0,0,300058.916200001,-2,75,135,0,0,0,0,0,39,0,0,14,43,3,0,0,0,2,1037958,762310,1293,0,4047803,0,0,388439,689840,28437,738657,51,2,2,1,1,71294.78739999981,4986,7173,18206,6,1,6,4,0,300006.628599999,-2,7104,18061,3,1,3,0,0,300011.7567,-2,45788,41189,3,1,3,0,,Basic-CBS/(A*/SIC)+ID Runtime,1,71294.78739999981,52961,0.0014686983660730677
67,ost003d,194,194,40,24422,1,9.094947017729279e+27,0.6489,130.275,372,7,149.6793,152.5854,0.05877351,0,300063.4835,-2,132466,318267,3,1,3,4,0,300012.51940000104,-2,112,155,10,1,0,0,0,33,0,0,20,11,23,0,0,0,3,1066993,941085,3643,0,3553492,0,0,87888,724644,94926,898476,47,3,3,2,0,300004.58709999896,-2,6589,15666,7,1,7,2,0,300003.040999999,-2,6544,15564,3,1,3,4,0,300006.4432,-2,79116,78578,3,1,3,4,,ICTS 3E +ID Runtime,0,300003.040999999,37636,0.003027092477675193
68,brc202d,481,530,40,211779,1,9.094947017729279e+27,0.830734,123.8,508,5,437.2634,441.222,0.01532185,1,6529.36449999921,4952,5089,13828,1,1,1,0,1,225.339999999851,4952,3,6,0,1,0,0,0,3,0,0,0,1,2,0,0,0,1,2551,3351,1,0,1383,0,0,536,2332,500,2551,3,1,1,0,1,5717.99869999848,4952,5089,13828,1,1,1,0,1,6166.999000001701,4952,5089,13828,1,1,1,0,1,5792.42400000058,4952,5089,13828,1,1,1,0,,MA-CBS-Global-10/(EPEA*/SIC) choosing the first conflict in CBS nodes Runtime,1,225.339999999851,254930,0.0009269773585780167
69,den502d,251,211,40,25726,2,9.094947017729279e+27,0.4857537,110.85,304,11,93.53049,101.1402,0.06708710000000001,1,4354.255799999461,4434,4816,13451,1,1,1,0,1,258.287200000137,4434,7,13,0,2,0,0,0,7,0,0,0,2,5,0,0,0,1,2355,3989,4,0,450,0,0,150,2202,937,2355,6,2,1,0,1,5411.182999998329,4434,4816,13451,1,1,1,0,1,5478.92829999886,4434,4816,13451,1,1,1,0,1,4619.85030000098,4434,4816,13451,1,1,1,0,,MA-CBS-Global-10/(EPEA*/SIC) choosing the first conflict in CBS nodes Runtime,1,258.287200000137,52961,0.0014686983660730677
70,ost003d,194,194,40,24422,2,9.094947017729279e+27,0.6489,110.325,351,11,139.0585,141.8646,0.05805612,1,49962.2760999985,4417,111553,204652,2,1,2,4,0,300022.489,-2,95,143,10,10,0,0,0,49,0,0,20,26,22,0,0,0,3,748007,736139,2113,0,4017394,0,0,212165,507967,70939,679403,51,18,3,2,0,300368.876800001,-2,5794,13676,10,1,10,2,1,9802.37029999867,4417,5459,13003,2,1,2,4,1,13310.8334999997,4417,76654,66748,2,1,2,4,,ICTS 3E +ID Runtime,1,9802.37029999867,37636,0.003027092477675193
71,brc202d,481,530,40,211779,2,9.094947017729279e+27,0.830734,135.25,309,30,400.7549,368.1817,0.01505511,1,3572.2423000000394,5412,9091,24605,2,1,2,2,1,910.2850999999789,5412,10,21,0,0,0,0,0,4,0,0,4,3,3,0,0,0,1,13145,11985,12,0,9507,0,0,2954,9845,1203,10671,6,3,1,2,1,6837.54450000077,5412,5536,15077,5,1,5,2,1,3922.40150000155,5412,5527,15052,2,1,2,2,1,3557.93319999985,5412,7772,16958,2,1,2,2,,MA-CBS-Global-10/(EPEA*/SIC) choosing the first conflict in CBS nodes Runtime,1,910.2850999999789,254930,0.0009269773585780167
72,den502d,251,211,45,25726,0,2.8421709430404e+31,0.4857537,119.266666666667,264,26,83.51305,91.32464,0.07439437,1,3168.9955000001896,5368,6158,17968,2,1,2,1,1,1262.12099999934,5368,27,38,8,0,0,0,0,8,0,0,0,3,15,0,0,0,2,10307,11561,2,0,8333,0,0,2391,8522,1446,9274,8,4,2,1,0,300055.4077,-2,5472,15525,2,1,2,0,1,3389.59109999985,5368,5475,15528,2,1,2,1,1,3211.98870000057,5368,5816,15870,2,1,2,1,,MA-CBS-Global-10/(EPEA*/SIC) choosing the first conflict in CBS nodes Runtime,1,1262.12099999934,52961,0.001652285661832201
73,ost003d,194,194,45,24422,0,2.8421709430404e+31,0.6489,110.555555555556,339,6,150.8696,167.4357,0.05901265,1,13570.287800001,4982,47672,95483,2,1,2,7,0,300018.041500002,-2,103,165,0,0,0,0,0,23,0,0,20,11,31,0,0,0,3,864554,720977,4102,0,5162949,0,0,79744,534227,63167,659944,59,5,3,1,0,300014.4976,-2,7758,17860,13,1,13,3,1,8879.56069999933,4982,6570,15455,2,1,2,7,1,13158.718699999199,4982,38738,36279,2,1,2,7,,ICTS 3E +ID Runtime,1,8879.56069999933,37636,0.0034054790373845923
74,brc202d,481,530,45,211779,0,2.8421709430404e+31,0.830734,149.311111111111,408,10,406.8831,376.5662,0.01918958,1,10252.8288000003,6721,22138,48944,2,1,2,2,1,1822.3513000011399,6721,12,24,0,1,0,0,0,5,0,0,6,3,3,0,0,0,1,30932,23857,14,0,25533,0,0,2779,20496,1907,22246,5,0,1,2,1,9520.91459999979,6721,7631,20173,2,1,2,2,1,9951.57980000228,6721,7633,20173,2,1,2,2,1,10030.0516999997,6721,17283,27521,2,1,2,2,,MA-CBS-Global-10/(EPEA*/SIC) choosing the first conflict in CBS nodes Runtime,1,1822.3513000011399,254930,0.0010428495284002688
75,den502d,251,211,45,25726,1,2.8421709430404e+31,0.4857537,106.866666666667,245,18,107.4599,105.5807,0.06993826,1,208854.56430000102,4811,191662,344864,2,1,2,2,0,300009.094799999,-2,33,61,0,0,0,0,0,32,0,0,10,0,18,0,0,0,2,1601568,1094438,2473,0,5373541,0,0,298867,1017582,21470,1063756,17,11,2,0,1,10128.052700001701,4811,8234,20572,3,1,3,2,1,11882.3940999992,4811,8233,20565,2,1,2,2,1,37968.1854000017,4811,130159,112187,2,1,2,2,,Basic-CBS/(A*/SIC)+ID Runtime,1,10128.052700001701,52961,0.001652285661832201
76,ost003d,194,194,45,24422,1,2.8421709430404e+31,0.6489,93.75555555555559,367,5,143.4261,156.8773,0.0584281,1,20036.6228,4225,68570,185447,2,1,2,6,0,300012.6402,-2,271,330,10,17,0,0,0,7,0,0,20,43,23,0,0,0,3,1930137,1577336,1571,0,5508969,0,0,18647,1285531,112445,1469525,158,7,3,3,0,300189.752900001,-2,7826,17595,12,1,12,2,1,11148.1037000008,4225,6681,15282,2,1,2,6,1,11881.589600000501,4225,41159,46755,2,1,2,6,,ICTS 3E +ID Runtime,1,11148.1037000008,37636,0.0034054790373845923
77,brc202d,481,530,45,211779,1,2.8421709430404e+31,0.830734,125.022222222222,361,13,389.7391,422.4348,0.01629467,1,4759.72110000253,5626,5626,15441,1,1,1,0,1,512.887200001627,5626,5,11,0,0,0,0,0,5,0,0,0,2,3,0,0,0,1,6164,6200,0,0,4226,0,0,2011,5006,710,5457,4,2,1,0,1,4831.080600000921,5626,5626,15441,1,1,1,0,1,4808.0906999968,5626,5626,15441,1,1,1,0,1,4890.02229999751,5626,5626,15441,1,1,1,0,,MA-CBS-Global-10/(EPEA*/SIC) choosing the first conflict in CBS nodes Runtime,1,512.887200001627,254930,0.0010428495284002688
78,den502d,251,211,45,25726,2,2.8421709430404e+31,0.4857537,96.4666666666667,227,9,83.29565,94.88503,0.05672098,1,14861.310200001999,4343,37873,75676,2,1,2,2,0,300001.6613,-2,88,137,0,14,0,0,0,87,0,0,0,26,37,0,0,0,2,1318218,875807,510,0,4326912,0,0,51679,803148,28293,846839,62,14,2,0,1,3187.24540000036,4343,4860,13484,2,1,2,2,1,53664.6830000021,4343,4865,13492,2,1,2,2,1,6435.9539000019395,4343,26720,29864,2,1,2,2,,Basic-CBS/(A*/SIC)+ID Runtime,1,3187.24540000036,52961,0.001652285661832201
79,ost003d,194,194,45,24422,2,2.8421709430404e+31,0.6489,105.24444444444401,228,15,148.5179,145.1884,0.06222766,1,14465.133600000301,4742,80282,152489,2,1,2,6,0,300003.50889999804,-2,194,266,14,0,0,0,0,31,0,0,39,20,27,0,0,0,2,2809156,2096968,7531,0,8685471,0,0,76351,1766723,115146,1969342,100,8,2,4,1,38967.5788000003,4742,6753,15635,11,1,11,6,1,11676.2368000001,4742,6668,15443,2,1,2,6,1,8716.854600001128,4742,55476,52462,2,1,2,6,,EPEA*+ID Runtime,1,8716.854600001128,37636,0.0034054790373845923
80,brc202d,481,530,45,211779,2,2.8421709430404e+31,0.830734,133.311111111111,476,4,410.342,423.6541,0.01665163,1,6738.49599999934,5999,6032,16420,1,1,1,0,1,605.734699998051,5999,7,13,0,2,0,0,0,7,0,0,0,2,5,0,0,0,1,7414,8851,0,0,5197,0,0,1271,6911,887,7414,8,3,1,0,1,6982.06230000034,5999,6032,16420,1,1,1,0,1,6924.4507999979005,5999,6032,16420,1,1,1,0,1,6895.81860000268,5999,6032,16420,1,1,1,0,,MA-CBS-Global-10/(EPEA*/SIC) choosing the first conflict in CBS nodes Runtime,1,605.734699998051,254930,0.0010428495284002688
81,den502d,251,211,50,25726,0,8.88178419700125e+34,0.4857537,114.4,260,7,110.7114,110.4824,0.07379015,0,300033.181600001,-2,222988,564894,4,1,4,1,0,300021.137699999,-2,111,166,11,2,0,0,0,19,0,0,30,25,13,0,0,0,2,1783549,1506391,5252,0,5046768,0,0,82632,1355380,78134,1447233,31,2,2,4,0,300014.11120000103,-2,10099,24528,13,1,13,0,0,300001.9716,-2,9866,24060,4,1,4,0,0,300010.249900002,-2,115731,102677,4,1,4,1,,ICTS 3E +ID Runtime,0,300001.9716,52961,0.0018358729575913347
82,ost003d,194,194,50,24422,0,8.88178419700125e+34,0.6489,110.3,326,13,147.1953,158.2847,0.06095228,0,300060.5973,-2,99475,254327,4,1,4,2,0,300016.465700001,-2,374,473,23,0,0,0,0,32,0,0,29,19,74,0,0,0,3,1438639,1281460,2312,0,4755546,0,0,43558,989643,136591,1229328,190,53,3,4,0,300016.4364,-2,7841,18191,31,1,31,0,1,52683.8671999983,5524,7498,17536,4,1,4,9,0,300009.097399998,-2,53298,47776,4,1,4,2,,ICTS 3E +ID Runtime,1,52683.8671999983,37636,0.0037838655970939914
83,brc202d,481,530,50,211779,0,8.88178419700125e+34,0.830734,106.44,366,10,424.1318,440.8063,0.01643981,1,6280.98660000041,5322,5431,14937,1,1,1,0,1,789.7868000008169,5322,10,16,0,5,0,0,0,10,0,0,0,7,3,0,0,0,1,10396,11765,3,0,7719,0,0,1468,9706,860,10269,10,2,1,0,1,6397.091299999511,5322,5431,14937,1,1,1,0,1,6461.45969999954,5322,5431,14937,1,1,1,0,1,6455.83339999989,5322,5431,14937,1,1,1,0,,MA-CBS-Global-10/(EPEA*/SIC) choosing the first conflict in CBS nodes Runtime,1,789.7868000008169,254930,0.001158721698222521
84,den502d,251,211,50,25726,1,8.88178419700125e+34,0.4857537,108.66,250,5,95.2251,95.17725,0.07686789,0,300053.347100001,-2,9366,23311,2,1,2,0,0,300014.478399999,-2,79,130,0,18,0,0,0,78,0,0,10,41,18,0,0,0,2,1687614,1293622,2260,0,4642466,0,0,338502,1241884,26848,1281663,63,16,2,0,1,69944.5572000034,5435,9405,23394,7,1,7,2,1,19340.7780000009,5435,9371,23318,2,1,2,2,1,142565.501399998,5435,352112,280594,2,1,2,2,,ICTS 3E +ID Runtime,1,19340.7780000009,52961,0.0018358729575913347
85,ost003d,194,194,50,24422,1,8.88178419700125e+34,0.6489,106.22,258,8,163.1028,145.2667,0.06236051,1,39417.882100001,5317,84339,158290,2,1,2,6,0,300018.006200001,-2,103,142,10,0,0,0,0,27,0,0,10,20,19,0,0,0,3,1188101,827754,265,0,7814443,0,0,110792,626065,34144,810167,59,5,3,1,1,226737.1358,5317,7513,17483,28,1,28,6,1,12673.1660999991,5317,7177,16908,2,1,2,6,1,20096.4813000001,5317,58694,55762,2,1,2,6,,ICTS 3E +ID Runtime,1,12673.1660999991,37636,0.0037838655970939914
86,brc202d,481,530,50,211779,1,8.88178419700125e+34,0.830734,137.86,385,9,410.9349,405.6871,0.01925627,0,300067.939399999,-2,29842,93636,3,1,3,0,0,300030.19700000103,-2,38,72,0,1,0,0,0,37,0,0,10,12,13,0,0,0,3,606541,630571,70,0,4227200,0,0,346144,422709,129073,561160,26,3,3,0,1,26264.174199998397,6895,8086,21145,3,1,3,2,1,25237.021099999503,6895,8086,21141,3,1,3,2,1,158586.407400001,6895,437811,367378,3,1,3,2,,ICTS 3E +ID Runtime,1,25237.021099999503,254930,0.001158721698222521
87,den502d,251,211,50,25726,2,8.88178419700125e+34,0.4857537,104.24,226,9,94.5451,99.72157,0.07148656,1,7340.655299998821,5212,6480,17099,1,1,1,0,1,874.031000003219,5212,10,20,0,1,0,0,0,10,0,0,0,2,8,0,0,0,1,5963,7353,1,0,3705,0,0,995,5370,790,5663,9,4,1,0,1,8559.69120000303,5212,6480,17099,1,1,1,0,1,7945.40190000087,5212,6480,17099,1,1,1,0,1,6339.511800002309,5212,6480,17099,1,1,1,0,,MA-CBS-Global-10/(EPEA*/SIC) choosing the first conflict in CBS nodes Runtime,1,874.031000003219,52961,0.0018358729575913347
88,ost003d,194,194,50,24422,2,8.88178419700125e+34,0.6489,105.32,291,19,148.1184,146.5623,0.05741843,0,300020.707699999,-2,232158,526776,3,1,3,12,0,300001.955699999,-2,213,295,0,0,0,0,0,209,0,0,13,22,47,0,0,0,3,1628271,1308245,6288,0,7526564,0,0,193890,1028880,103823,1257245,162,47,3,2,0,300617.286699999,-2,9137,19866,18,1,18,6,0,300004.155099999,-2,7874,18054,3,1,3,12,0,300011.4274,-2,135920,104579,3,1,3,12,,MA-CBS-Global-10/(EPEA*/SIC) choosing the first conflict in CBS nodes Runtime,0,300001.955699999,37636,0.0037838655970939914
89,brc202d,481,530,50,211779,2,8.88178419700125e+34,0.830734,131.96,458,5,411.4424,449.8063,0.02046836,1,7931.964000001551,6598,6686,18013,1,1,1,0,1,398.276599999517,6598,4,9,0,0,0,0,0,4,0,0,0,2,2,0,0,0,1,3415,4492,0,0,1458,0,0,503,3186,721,3360,5,2,1,0,1,8445.36389999837,6598,6686,18013,1,1,1,0,1,7898.76720000058,6598,6686,18013,1,1,1,0,1,8087.2366000004085,6598,6686,18013,1,1,1,0,,MA-CBS-Global-10/(EPEA*/SIC) choosing the first conflict in CBS nodes Runtime,1,398.276599999517,254930,0.001158721698222521
90,den502d,251,211,55,25726,0,2.77555756156289e+38,0.4857537,120.41818181818199,262,6,117.3058,109.70200000000001,0.07994562,0,300028.306299999,-2,80642,256155,3,1,3,3,0,300005.161699999,-2,95,165,0,2,0,0,0,87,0,0,16,30,26,0,0,0,3,887199,808271,1509,0,4248948,0,0,67972,647001,96617,758862,68,8,3,2,1,61171.100900001795,6628,9341,23867,6,1,6,5,1,22799.2098000012,6628,9280,23722,3,1,3,5,1,88636.59339999779,6628,247407,208573,3,1,3,5,,ICTS 3E +ID Runtime,1,22799.2098000012,52961,0.002019460253350468
91,ost003d,194,194,55,24422,0,2.77555756156289e+38,0.6489,107.8,336,4,140.0701,142.5493,0.06815283,1,140195.8763,5937,174189,429732,3,1,3,8,0,300023.943599999,-2,71,103,15,0,0,0,0,51,0,0,10,12,25,0,0,0,3,547629,437020,3674,0,3461795,0,0,265978,344746,44135,421444,46,7,3,1,0,300002.880899999,-2,7682,18050,2,1,2,0,1,173483.943800002,5937,7751,18261,4,1,4,8,1,35242.097199998796,5937,87453,80015,3,1,3,8,,EPEA*+ID Runtime,1,35242.097199998796,37636,0.0041622521568033906
92,brc202d,481,530,55,211779,0,2.77555756156289e+38,0.830734,130.854545454545,517,7,420.6117,416.774,0.02055466,1,17311.6089000031,7198,12447,37226,2,1,2,1,1,21309.100699998402,7198,64,84,8,14,0,0,0,3,0,0,0,19,22,0,0,0,2,172426,172317,1482,0,362491,0,0,9380,136677,19507,155377,40,12,2,1,0,300004.851199999,-2,7471,20360,2,1,2,0,1,19065.8592999987,7198,7474,20363,2,1,2,1,1,17529.2800999992,7198,10150,23045,2,1,2,1,,A*+OD+ID Runtime,1,17311.6089000031,254930,0.001274593868044773
93,den502d,251,211,55,25726,1,2.77555756156289e+38,0.4857537,97.8909090909091,253,8,78.48506,89.92273,0.07297823,0,300048.58310000197,-2,35954,79018,3,1,3,0,0,300010.864599999,-2,82,135,1,3,0,0,0,54,0,0,16,24,17,0,0,0,2,1546425,1120819,371,0,5495618,0,0,373840,1064444,29574,1092042,55,2,2,1,1,9049.969700001178,5387,8479,21199,3,1,3,3,0,300001.4296,-2,8472,21180,3,1,3,0,0,300017.400700003,-2,26512,35118,3,1,3,0,,Basic-CBS/(A*/SIC)+ID Runtime,1,9049.969700001178,52961,0.002019460253350468
94,ost003d,194,194,55,24422,1,2.77555756156289e+38,0.6489,116.2,381,16,162.2805,151.487,0.06557551,0,300048.86429999804,-2,18169,40742,3,1,3,1,0,300020.770599999,-2,152,223,0,0,0,0,0,4,0,0,15,22,34,0,0,0,2,1258507,1258225,2620,0,3754501,0,0,178654,1088285,113966,1215150,96,9,2,2,1,192526.304399997,6394,7694,18693,29,1,29,3,0,300012.616999999,-2,6959,17275,3,1,3,1,1,293140.8226,6394,358489,352760,3,1,3,3,,Basic-CBS/(A*/SIC)+ID Runtime,1,192526.304399997,37636,0.0041622521568033906
95,brc202d,481,530,55,211779,1,2.77555756156289e+38,0.830734,138.18181818181802,437,7,395.9883,407.2169,0.02184129,1,10677.1064999998,7601,11709,34035,2,1,2,1,1,113679.8561,7601,266,359,0,1,0,0,0,1,0,0,10,22,61,0,0,0,2,870615,938348,268,0,1816334,0,0,5661,707461,123958,823705,203,49,2,1,1,11162.557399995601,7601,8476,22608,2,1,2,1,1,10655.8918999955,7601,8478,22608,2,1,2,1,1,10480.4770999998,7601,10097,24344,2,1,2,1,,EPEA*+ID Runtime,1,10480.4770999998,254930,0.001274593868044773
96,den502d,251,211,55,25726,2,2.77555756156289e+38,0.4857537,107.78181818181801,262,5,83.51688,86.53181,0.07261948,0,300034.739199996,-2,18997,49281,3,1,3,0,0,300017.837700002,-2,73,104,11,0,0,0,0,29,0,0,0,12,30,0,0,0,3,1234287,905624,3883,0,7925919,0,0,288449,742805,48377,881488,38,12,3,1,0,300014.189599998,-2,16580,37890,6,1,6,0,0,300001.15849999303,-2,13733,32199,4,1,4,0,0,300048.1193,-2,236854,191476,4,1,4,0,,ICTS 3E +ID Runtime,0,300001.15849999303,52961,0.002019460253350468
97,ost003d,194,194,55,24422,2,2.77555756156289e+38,0.6489,115.98181818181801,329,9,158.4169,152.3727,0.06910937,1,17763.4065000042,6382,55821,106211,2,1,2,3,0,300006.657400005,-2,179,233,26,10,0,0,0,16,0,0,10,18,62,0,0,0,2,1837236,1271667,8171,0,5730397,0,0,38002,1060892,81091,1236532,86,14,2,2,0,300020.879199997,-2,8832,20794,2,1,2,0,1,12434.1916000023,6382,8840,20804,2,1,2,3,1,16669.5773999989,6382,46151,44519,2,1,2,3,,ICTS 3E +ID Runtime,1,12434.1916000023,37636,0.0041622521568033906
98,brc202d,481,530,55,211779,2,2.77555756156289e+38,0.830734,140.072727272727,371,18,459.3247,423.8169,0.02114698,1,21055.368900001,7710,55958,109325,2,1,2,6,0,300001.997599997,-2,71,116,0,20,0,0,0,41,0,0,25,21,19,0,0,0,3,1032506,739438,43,0,7620874,0,0,453733,618876,37538,725486,35,16,3,4,1,3544.2872999981,7710,7964,21611,3,1,3,6,1,3862.08169999719,7710,7970,21608,2,1,2,6,1,7951.656799994409,7710,47806,46000,2,1,2,6,,Basic-CBS/(A*/SIC)+ID Runtime,1,3544.2872999981,254930,0.001274593868044773
99,den502d,251,211,60,25726,0,8.67361737988404e+41,0.4857537,113.53333333333299,277,21,102.0596,113.6858,0.08708294,0,300039.168699995,-2,10473,26109,2,1,2,0,0,300027.912099995,-2,71,117,0,21,0,0,0,70,0,0,10,45,12,0,0,0,2,684047,641625,1445,0,2663559,0,0,218418,527128,40377,613257,59,12,2,0,1,77528.19240000099,6814,10501,26173,10,1,10,2,1,25765.2245000005,6814,10478,26116,2,1,2,2,1,133338.845700003,6814,318351,257301,2,1,2,2,,ICTS 3E +ID Runtime,1,25765.2245000005,52961,0.0022030475491096016
100,ost003d,194,194,60,24422,0,8.67361737988404e+41,0.6489,112.366666666667,308,12,147.9792,149.9945,0.07306834,1,21452.0129000023,6748,81117,187558,2,1,2,6,0,300006.267900005,-2,207,294,0,0,0,0,0,14,0,0,10,22,55,0,0,0,4,1088863,979506,5389,0,5309787,0,0,97307,681803,128724,921386,147,27,4,1,0,300227.6307,-2,9939,22877,6,1,6,1,1,15497.2327999994,6748,7532,18046,2,1,2,6,1,16236.4855999947,6748,51274,54568,2,1,2,6,,ICTS 3E +ID Runtime,1,15497.2327999994,37636,0.00454063871651279
101,brc202d,481,530,60,211779,0,8.67361737988404e+41,0.830734,127.9,478,10,420.3535,429.0574,0.02199819,1,15804.6147000045,7676,8649,23700,2,1,2,2,1,1059.55860000104,7676,15,26,0,5,0,0,0,8,0,0,6,5,4,0,0,0,1,12172,12984,10,0,8845,0,0,1844,10548,1063,11306,8,1,1,2,1,15956.2743000016,7676,7768,21341,2,1,2,2,1,6009.901500001551,7676,7770,21341,2,1,2,2,1,4709.842999994749,7676,8340,21785,2,1,2,2,,MA-CBS-Global-10/(EPEA*/SIC) choosing the first conflict in CBS nodes Runtime,1,1059.55860000104,254930,0.0013904660378670252
102,den502d,251,211,60,25726,1,8.67361737988404e+41,0.4857537,107.666666666667,233,17,92.08251,92.36885,0.08842356,1,15017.191399999,6462,32766,72603,2,1,2,2,0,300023.011699997,-2,60,106,0,10,0,0,0,59,0,0,10,29,17,0,0,0,3,647219,531793,261,0,3096496,0,0,526750,413347,44679,519207,48,13,3,0,1,14630.480100005901,6462,9109,23318,4,1,4,2,1,9061.146600000558,6462,9105,23304,2,1,2,2,1,8236.61609999835,6462,25094,35404,2,1,2,2,,EPEA*+ID Runtime,1,8236.61609999835,52961,0.0022030475491096016
103,ost003d,194,194,60,24422,1,8.67361737988404e+41,0.6489,117.95,332,13,160.1913,152.7557,0.06828568,0,300042.382700004,-2,56208,108079,3,1,3,0,0,300022.840700001,-2,123,177,0,63,0,0,0,122,0,0,10,89,18,0,0,0,4,441581,488760,1268,0,2998737,0,0,182791,295309,58826,415101,112,12,4,0,1,26604.905299998798,7079,10213,23712,5,1,5,2,1,45066.3524999991,7079,10216,23718,3,1,3,2,0,300957.648499995,-2,523787,433798,3,1,3,2,,Basic-CBS/(A*/SIC)+ID Runtime,1,26604.905299998798,37636,0.00454063871651279
104,brc202d,481,530,60,211779,1,8.67361737988404e+41,0.830734,101.53333333333299,396,3,428.8426,420.2612,0.01901306,1,14528.846199996799,6096,29303,61956,2,1,2,4,1,19571.627299994198,6096,82,99,5,22,0,0,0,2,0,0,8,24,11,0,0,0,2,169193,138161,364,0,340455,0,0,29837,113089,10841,122793,41,2,2,4,1,16160.251999996599,6096,6721,17964,6,1,6,4,1,12654.839400000901,6096,6714,17940,2,1,2,4,1,12702.9795000032,6096,22153,29385,2,1,2,4,,ICTS 3E +ID Runtime,1,12654.839400000901,254930,0.0013904660378670252
105,den502d,251,211,60,25726,2,8.67361737988404e+41,0.4857537,99.1166666666667,251,4,81.93661,83.0694,0.08538359,1,6466.87870000303,5947,8018,20999,1,1,1,0,1,1094.79140000045,5947,16,27,0,6,0,0,0,16,0,0,1,10,5,0,0,0,1,11814,13499,5,0,8016,0,0,2777,10804,1381,11309,14,3,1,0,1,6636.05920000374,5947,8018,20999,1,1,1,0,1,6579.05250000209,5947,8018,20999,1,1,1,0,1,6582.33410000056,5947,8018,20999,1,1,1,0,,MA-CBS-Global-10/(EPEA*/SIC) choosing the first conflict in CBS nodes Runtime,1,1094.79140000045,52961,0.0022030475491096016
106,ost003d,194,194,60,24422,2,8.67361737988404e+41,0.6489,108.566666666667,369,3,159.7601,152.8618,0.07248379,1,3788.04740000516,6516,9233,22606,2,1,2,2,1,5250.87960000336,6516,79,107,10,8,0,0,0,14,0,0,10,11,24,0,0,0,2,135975,130725,677,0,282034,0,0,2594,92090,19066,114329,36,20,2,2,1,153111.828199998,6516,7770,18772,31,1,31,2,1,13179.285300001498,6516,7094,17489,2,1,2,2,1,12475.9033999965,6516,8502,18740,2,1,2,2,,A*+OD+ID Runtime,1,3788.04740000516,37636,0.00454063871651279
107,brc202d,481,530,60,211779,2,8.67361737988404e+41,0.830734,141.4,384,15,433.8016,397.9361,0.02401444,1,16073.057000003799,8484,10286,26427,1,1,1,0,1,1673.68580000103,8484,16,29,0,4,0,0,0,16,0,0,0,10,6,0,0,0,1,23796,22942,6,0,18389,0,0,6560,18851,2256,20229,15,4,1,0,1,16279.3364000022,8484,10286,26427,1,1,1,0,1,16430.6736000031,8484,10286,26427,1,1,1,0,1,16434.9919000044,8484,10286,26427,1,1,1,0,,MA-CBS-Global-10/(EPEA*/SIC) choosing the first conflict in CBS nodes Runtime,1,1673.68580000103,254930,0.0013904660378670252
108,den502d,251,211,65,25726,0,2.7105054312137598e+45,0.4857537,111.52307692307699,279,13,89.4289,83.97948000000001,0.09648609,0,300062.737600006,-2,90942,263155,4,1,4,0,0,300046.95080000197,-2,90,139,6,12,0,0,0,58,0,0,20,26,21,0,0,0,3,1051959,768250,1096,0,6191841,0,0,307090,732328,21642,753048,44,12,3,2,1,26115.0792999938,7255,8850,23576,5,1,5,6,1,87651.8276000023,7255,8875,23696,4,1,4,6,0,300021.013900004,-2,49086,53929,4,1,4,0,,Basic-CBS/(A*/SIC)+ID Runtime,1,26115.0792999938,52961,0.002386634844868735
109,ost003d,194,194,65,24422,0,2.7105054312137598e+45,0.6489,105.307692307692,284,3,157.4564,145.7986,0.07197896,0,300031.0242,-2,351716,796968,4,1,4,5,0,300006.78839999397,-2,197,288,6,10,0,0,0,196,0,0,10,23,74,0,0,0,3,2198645,1878872,8341,0,6953919,0,0,133188,1596125,160892,1813552,136,26,3,0,0,300020.500599995,-2,8262,19851,2,1,2,0,1,105847.657499999,6853,8313,19983,4,1,4,8,0,300014.392300002,-2,196904,167691,4,1,4,5,,ICTS 3E +ID Runtime,1,105847.657499999,37636,0.004919025276222189
110,brc202d,481,530,65,211779,0,2.7105054312137598e+45,0.830734,129.0,348,3,422.1371,395.7231,0.02180991,1,23966.7801000029,8388,44101,90518,2,1,2,3,0,300015.39489999396,-2,103,144,4,19,0,0,0,70,0,0,3,22,39,0,0,0,2,1168175,820512,1683,0,3698683,0,0,54184,707538,41762,787891,60,16,2,1,1,18048.554399997,8388,8874,24032,2,1,2,3,1,18916.4243000001,8388,8870,24018,2,1,2,3,1,19620.8806999996,8388,32305,41876,2,1,2,3,,Basic-CBS/(A*/SIC)+ID Runtime,1,18048.554399997,254930,0.001506338207689277
111,den502d,251,211,65,25726,1,2.7105054312137598e+45,0.4857537,110.84615384615401,252,3,103.1599,103.3455,0.09744906,1,60424.3325999975,7206,149431,455440,2,1,2,1,0,300030.381199993,-2,67,95,8,17,0,0,0,66,0,0,0,32,21,0,0,0,2,1877850,1621104,8758,0,5394728,0,0,295164,1429874,122794,1577118,52,11,2,0,0,300016.837699994,-2,10990,27965,2,1,2,0,1,23782.3764000013,7206,10994,27967,2,1,2,1,1,25362.969600006898,7206,78936,96620,2,1,2,1,,ICTS 3E +ID Runtime,1,23782.3764000013,52961,0.002386634844868735
112,ost003d,194,194,65,24422,1,2.7105054312137598e+45,0.6489,114.738461538462,245,14,151.2159,145.8695,0.07184611,0,300063.999499999,-2,158393,298287,4,1,4,3,0,300008.97200000304,-2,212,340,4,0,0,0,0,58,0,0,29,18,85,0,0,0,2,2022789,1578113,13441,0,5620262,0,0,45430,1205177,129456,1523674,108,51,2,2,0,300073.631099999,-2,14550,32285,12,1,12,1,1,55921.1402999982,7464,14314,31794,3,1,3,6,0,300013.659599997,-2,124653,104962,4,1,4,3,,ICTS 3E +ID Runtime,1,55921.1402999982,37636,0.004919025276222189
113,brc202d,481,530,65,211779,1,2.7105054312137598e+45,0.830734,154.969230769231,403,19,391.2737,381.9002,0.02319852,1,17661.5332000032,10075,22967,55083,2,1,2,2,0,300006.253400005,-2,75,128,0,0,0,0,0,74,0,0,10,13,30,0,0,0,3,1099427,934123,4254,0,5077616,0,0,153812,722121,95676,897810,49,19,3,0,1,14943.5560000017,10075,10485,28426,7,1,7,2,1,5006.29699999839,10075,10444,28341,2,1,2,2,1,4939.50530000031,10075,18685,34704,2,1,2,2,,EPEA*+ID Runtime,1,4939.50530000031,254930,0.001506338207689277
114,den502d,251,211,65,25726,2,2.7105054312137598e+45,0.4857537,99.0615384615385,263,5,89.7077,78.4993,0.08275901,1,64858.6350000054,6441,117137,217740,2,1,2,2,0,300033.11039999896,-2,71,110,0,22,0,0,0,70,0,0,10,35,16,0,0,0,2,1477492,575323,2539,0,5621461,0,0,995155,532655,11793,555706,58,13,2,0,1,16691.1915000007,6441,10887,26925,2,1,2,2,1,19443.723399996798,6441,10889,26925,2,1,2,2,1,26471.8087000027,6441,80880,79452,2,1,2,2,,Basic-CBS/(A*/SIC)+ID Runtime,1,16691.1915000007,52961,0.002386634844868735
115,ost003d,194,194,65,24422,2,2.7105054312137598e+45,0.6489,109.66153846153799,314,1,153.1823,149.9636,0.07490169,0,300063.273699999,-2,45658,111401,4,1,4,0,0,300019.7086,-2,237,314,17,4,0,0,0,31,0,0,20,35,43,0,0,0,3,860193,618246,2428,0,6046552,0,0,199179,529209,29173,583745,123,24,3,2,0,301298.230299994,-2,10611,24436,19,1,19,0,0,300010.02309999603,-2,8230,19999,5,1,5,0,0,300024.051899999,-2,27603,33526,4,1,4,0,,ICTS 3E +ID Runtime,0,300010.02309999603,37636,0.004919025276222189
116,brc202d,481,530,65,211779,2,2.7105054312137598e+45,0.830734,130.461538461538,435,4,401.9236,371.5823,0.02210411,1,31193.8302999958,8482,13632,34716,2,1,2,2,0,300015.8807,-2,91,124,10,0,0,0,0,23,0,0,10,12,21,0,0,0,3,929453,716353,6920,0,5592335,0,0,126914,532903,54023,688461,52,1,3,1,1,31337.6465000063,8482,8674,23976,2,1,2,2,1,31411.5482000038,8482,8676,23976,2,1,2,2,1,31250.435599997596,8482,11929,26531,2,1,2,2,,A*+OD+ID Runtime,1,31193.8302999958,254930,0.001506338207689277
117,den502d,251,211,70,25726,0,8.470329472543e+48,0.4857537,97.07142857142858,243,7,88.57143,90.13883,0.0803799,1,27884.1745000035,6802,77762,164097,2,1,2,7,0,300012.757399999,-2,123,196,0,0,0,0,0,29,0,0,30,12,31,0,0,0,2,1757133,1328992,8990,0,5618482,0,0,56299,1148985,59916,1264682,70,4,2,1,0,300011.623499997,-2,8979,23279,2,1,2,0,1,18092.8077999949,6802,8997,23303,2,1,2,7,1,18463.4263999984,6802,54138,58109,2,1,2,7,,ICTS 3E +ID Runtime,1,18092.8077999949,52961,0.0025702221406278683
118,ost003d,194,194,70,24422,0,8.470329472543e+48,0.6489,116.92857142857099,374,15,165.9143,153.4406,0.0803486,0,300028.86999999697,-2,406232,884163,3,1,3,10,0,300023.047200002,-2,315,454,13,0,0,0,0,38,0,0,10,39,103,0,0,0,3,1274924,1059887,1884,0,4792868,0,0,67320,761585,111270,1033165,198,35,3,1,0,300012.993199997,-2,12711,29145,2,1,2,0,0,300005.851500005,-2,12755,29219,3,1,3,10,1,295618.160099998,8197,593697,477798,3,1,3,12,,EPEA*+ID Runtime,1,295618.160099998,37636,0.005297411835931588
119,brc202d,481,530,70,211779,0,8.470329472543e+48,0.830734,138.457142857143,374,11,386.9356,400.4495,0.02397521,1,41016.3030999973,9698,106562,234579,2,1,2,6,0,300020.452,-2,264,329,19,10,0,0,0,99,0,0,10,19,65,0,0,0,3,1628551,1531621,5685,0,4725264,0,0,78073,1186896,218168,1471855,154,23,3,2,0,300017.810000002,-2,11541,30000,2,1,2,0,1,24015.098100006602,9698,11557,30020,2,1,2,6,1,23491.4016000032,9698,70581,77856,2,1,2,6,,EPEA*+ID Runtime,1,23491.4016000032,254930,0.0016222103775115292
120,den502d,251,211,70,25726,1,8.470329472543e+48,0.4857537,112.657142857143,292,3,101.6374,97.87324,0.1005457,1,229184.99019999802,7890,259458,476554,2,1,2,4,0,300024.155000001,-2,59,108,0,0,0,0,0,58,0,0,11,16,22,0,0,0,2,2128655,1415613,4244,0,7055274,0,0,377572,1318555,40433,1404020,37,7,2,0,1,189953.70619999603,7890,12988,32148,8,1,8,4,1,31647.6612999961,7890,12921,32006,2,1,2,4,1,56648.036700002805,7890,177979,156151,2,1,2,4,,ICTS 3E +ID Runtime,1,31647.6612999961,52961,0.0025702221406278683
121,ost003d,194,194,70,24422,1,8.470329472543e+48,0.6489,112.014285714286,396,8,155.4483,157.196,0.07633649,0,300053.918499999,-2,129505,248436,3,1,3,6,0,300003.84589999897,-2,79,139,0,0,0,0,0,78,0,0,10,23,27,0,0,0,3,810316,649649,15949,0,4959534,0,0,85084,417679,47903,604251,59,16,3,0,0,300019.3112,-2,16069,35350,35,1,35,0,0,300003.400300004,-2,15369,34025,3,1,3,6,0,300017.179100007,-2,91265,91462,3,1,3,6,,ICTS 3E +ID Runtime,0,300003.400300004,37636,0.005297411835931588
122,brc202d,481,530,70,211779,1,8.470329472543e+48,0.830734,124.2,396,7,416.8708,423.7151,0.02387322,1,10442.4786999971,8696,53836,107279,2,1,2,2,0,300002.34290000104,-2,90,136,0,15,0,0,0,89,0,0,0,18,43,0,0,0,2,1915734,1252519,2881,0,6348534,0,0,70679,1123028,41409,1215692,60,30,2,0,1,25552.6407999992,8696,9244,24707,2,1,2,2,1,26788.4068000019,8696,9247,24711,2,1,2,2,1,28928.5669999942,8696,39164,47064,2,1,2,2,,A*+OD+ID Runtime,1,10442.4786999971,254930,0.0016222103775115292
123,den502d,251,211,70,25726,2,8.470329472543e+48,0.4857537,100.92857142857099,252,10,92.39558000000001,91.62817,0.08746058,1,48390.5036000013,7068,90219,176154,2,1,2,3,0,300017.837700002,-2,78,136,0,8,0,0,0,66,0,0,16,24,26,0,0,0,2,1582290,1066172,7784,0,5207794,0,0,128307,985449,32683,1037664,64,6,2,1,1,15167.8451000005,7068,8304,22428,2,1,2,3,1,21281.382299996898,7068,8309,22430,2,1,2,3,1,20498.5737000033,7068,62627,63782,2,1,2,3,,Basic-CBS/(A*/SIC)+ID Runtime,1,15167.8451000005,52961,0.0025702221406278683
124,ost003d,194,194,70,24422,2,8.470329472543e+48,0.6489,122.514285714286,371,10,155.4101,148.2793,0.08088001,0,300024.913800001,-2,270608,616042,3,1,3,3,0,300020.431299999,-2,190,246,3,48,0,0,0,45,0,0,18,56,33,0,0,0,3,1490459,734125,6268,0,5510387,0,0,946929,593725,46337,698454,145,21,3,1,0,300018.231799997,-2,17470,38171,7,1,7,3,0,300006.498000003,-2,17439,38124,3,1,3,3,0,300017.035600007,-2,149734,134077,3,1,3,3,,ICTS 3E +ID Runtime,0,300006.498000003,37636,0.005297411835931588
125,brc202d,481,530,70,211779,2,8.470329472543e+48,0.830734,137.328571428571,374,7,411.4189,423.9602,0.02426156,0,300045.181199998,-2,41024,103706,3,1,3,5,0,300019.542400002,-2,343,440,14,0,0,0,0,193,0,0,39,10,62,0,0,0,2,2180246,1892407,1835,0,5358786,0,0,22322,1535877,189101,1815229,184,39,2,5,0,300333.49639999896,-2,12459,31635,6,1,6,4,0,300014.058699995,-2,11617,29953,4,1,4,5,0,300179.637000009,-2,328060,250850,4,1,4,5,,ICTS 3E +ID Runtime,0,300014.058699995,254930,0.0016222103775115292
126,den502d,251,211,75,25726,0,2.64697796016969e+52,0.4857537,98.8266666666667,248,7,90.29614000000001,87.73088,0.1002247,0,300044.43259999197,-2,227933,416488,3,1,3,2,0,300013.575599998,-2,56,91,0,9,0,0,0,55,0,0,10,9,25,0,0,0,2,1697027,1108117,2089,0,5945805,0,0,148328,1041809,22258,1083087,44,13,2,0,1,63657.9155000001,7416,10197,26483,11,1,11,4,0,300004.52129998803,-2,10128,26334,2,1,2,2,0,300013.75360000104,-2,156107,136893,3,1,3,2,,Basic-CBS/(A*/SIC)+ID Runtime,1,63657.9155000001,52961,0.002753809436387002
127,ost003d,194,194,75,24422,0,2.64697796016969e+52,0.6489,107.56,304,10,147.1004,145.6253,0.07939207,0,300052.97040000604,-2,68784,168435,4,1,4,6,0,300022.006699994,-2,284,407,5,8,0,0,0,104,0,0,14,42,80,0,0,0,3,1707663,1552551,4830,0,4490037,0,0,32205,1253489,172978,1515766,140,21,3,2,0,300059.0748,-2,14275,32295,6,1,6,2,1,192499.20380000802,8081,14269,32346,4,1,4,14,1,138139.854599997,8081,436152,377974,4,1,4,14,,EPEA*+ID Runtime,1,138139.854599997,37636,0.005675798395640987
128,brc202d,481,530,75,211779,0,2.64697796016969e+52,0.830734,124.226666666667,493,13,426.3698,410.0098,0.02377515,1,58254.638999998606,9319,33304,85112,2,1,2,2,0,300011.655100003,-2,248,324,0,13,0,0,0,247,0,0,0,15,74,0,0,0,2,1745268,1629255,3187,0,4269932,0,0,14180,1203736,111796,1467322,175,40,2,0,0,300049.63089999603,-2,9656,26389,4,1,4,0,1,57156.2230000049,9319,9659,26391,2,1,2,2,1,56904.0122999996,9319,25781,38217,2,1,2,2,,EPEA*+ID Runtime,1,56904.0122999996,254930,0.0017380825473337813
129,den502d,251,211,75,25726,1,2.64697796016969e+52,0.4857537,100.68,248,9,98.73438,85.13051999999999,0.09497555,0,300034.729400009,-2,28002,80888,2,1,2,1,0,300002.331799999,-2,130,189,5,10,0,0,0,129,0,0,0,32,42,0,0,0,3,1542644,1422164,986,0,5467291,0,0,115977,1138577,183427,1362066,93,3,3,0,0,300009.351699993,-2,12925,32061,2,1,2,0,0,300000.52249999304,-2,12936,32074,3,1,3,2,0,300021.534400001,-2,20332,39557,2,1,2,1,,ICTS 3E +ID Runtime,0,300000.52249999304,52961,0.002753809436387002
130,ost003d,194,194,75,24422,1,2.64697796016969e+52,0.6489,106.253333333333,258,8,149.0618,146.8975,0.07742587,0,300043.081799999,-2,73815,208035,3,1,3,1,0,300011.966499999,-2,158,230,10,10,0,0,0,64,0,0,25,31,36,0,0,0,3,1125317,1068297,2215,0,4741550,0,0,30250,818042,129324,1037263,86,13,3,3,0,300097.302200004,-2,12665,29002,3,1,3,1,0,300009.001100004,-2,12667,28998,3,1,3,1,0,300023.802900001,-2,44275,61036,3,1,3,1,,ICTS 3E +ID Runtime,0,300009.001100004,37636,0.005675798395640987
131,brc202d,481,530,75,211779,1,2.64697796016969e+52,0.830734,129.346666666667,346,7,400.4709,385.654,0.024787200000000002,1,13086.6070000082,9701,10158,27564,1,1,1,0,1,1380.88330000639,9701,14,26,0,3,0,0,0,14,0,0,0,7,7,0,0,0,1,14255,16616,7,0,9304,0,0,1516,12774,1910,13878,14,8,1,0,1,13437.8602000028,9701,10158,27564,1,1,1,0,1,13201.7873000056,9701,10158,27564,1,1,1,0,1,13430.083099991101,9701,10158,27564,1,1,1,0,,MA-CBS-Global-10/(EPEA*/SIC) choosing the first conflict in CBS nodes Runtime,1,1380.88330000639,254930,0.0017380825473337813
132,den502d,251,211,75,25726,2,2.64697796016969e+52,0.4857537,93.4933333333333,266,6,82.61263000000001,86.95614,0.08883896,1,16075.1859000027,7014,11923,31546,2,1,2,2,0,300022.60320000397,-2,153,220,0,12,0,0,0,152,0,0,0,44,35,0,0,0,2,978869,1019749,2381,0,3200046,0,0,211474,846230,66535,938179,117,30,2,0,1,16977.1349000037,7014,7300,20705,3,1,3,2,1,15722.1339000016,7014,7301,20706,2,1,2,2,1,16015.012099996202,7014,11739,22964,2,1,2,2,,ICTS 3E +ID Runtime,1,15722.1339000016,52961,0.002753809436387002
133,ost003d,194,194,75,24422,2,2.64697796016969e+52,0.6489,123.0,365,4,152.3102,154.6519,0.08398873,0,300060.49760000396,-2,81889,180906,4,1,4,8,0,300018.805700004,-2,180,258,0,20,0,0,0,179,0,0,10,39,49,0,0,0,3,889514,934741,251465,0,3432514,0,0,107084,687649,108182,841666,135,26,3,0,0,300015.944100007,-2,14972,33952,2,1,2,0,0,300000.530000001,-2,15003,33993,4,1,4,8,0,300010.210600004,-2,58172,67508,4,1,4,8,,ICTS 3E +ID Runtime,0,300000.530000001,37636,0.005675798395640987
134,brc202d,481,530,75,211779,2,2.64697796016969e+52,0.830734,133.16,437,3,429.9074,399.3902,0.02317499,1,40229.302100002795,9991,32186,77995,2,1,2,4,0,300017.412499994,-2,490,579,24,30,0,0,0,51,0,0,20,38,85,0,0,0,2,2061856,1904988,1830,0,5121729,0,0,9204,1473377,232178,1701694,333,47,2,3,1,66194.799999997,9991,10714,29020,7,1,7,4,1,39062.0846000016,9991,10595,28781,2,1,2,4,1,39827.367400005496,9991,26501,39804,2,1,2,4,,ICTS 3E +ID Runtime,1,39062.0846000016,254930,0.0017380825473337813
135,den502d,251,211,80,25726,0,8.27180612553028e+55,0.4857537,118.1875,292,6,87.14105,91.1963,0.11291330000000001,0,300048.247799993,-2,25845,59170,3,1,3,0,0,300026.66570000397,-2,62,114,0,2,0,0,0,30,0,0,20,16,18,0,0,0,2,758107,597487,2532,0,4448317,0,0,545921,514386,38426,573815,36,2,2,1,1,231712.31600000002,9459,12532,32560,19,1,19,4,0,300003.428899989,-2,12077,31772,3,1,3,0,1,177525.029799998,9459,247662,218783,3,1,3,4,,EPEA*+ID Runtime,1,177525.029799998,52961,0.0029373967321461355
136,ost003d,194,194,80,24422,0,8.27180612553028e+55,0.6489,115.875,313,7,160.2336,157.8009,0.08871825,0,300104.144900009,-2,93693,222507,3,1,3,8,0,300068.464000002,-2,121,214,0,10,0,0,0,106,0,0,11,68,24,0,0,0,3,491583,435924,2889,0,4312980,0,0,298579,284328,32349,389871,94,10,3,1,0,300014.64720000303,-2,17658,39311,12,1,12,6,0,300017.841499999,-2,17477,38913,3,1,3,12,0,300015.2007,-2,310996,243005,3,1,3,12,,Basic-CBS/(A*/SIC)+ID Runtime,0,300014.64720000303,37636,0.006054184955350386
137,brc202d,481,530,80,211779,0,8.27180612553028e+55,0.830734,138.7,488,8,423.3123,385.0784,0.02668576,1,36009.625999987096,11102,30882,75962,2,1,2,6,0,300017.497299999,-2,111,167,0,2,0,0,0,103,0,0,16,2,40,0,0,0,2,667790,707017,37,0,1613087,0,0,27505,587686,71473,660046,67,36,2,2,1,152827.076399997,11102,12589,33397,11,1,11,6,1,35499.8452000022,11102,12387,32973,2,1,2,6,1,35645.863399997404,11102,24394,42436,2,1,2,6,,ICTS 3E +ID Runtime,1,35499.8452000022,254930,0.0018539547171560334
138,den502d,251,211,80,25726,1,8.27180612553028e+55,0.4857537,101.1375,261,3,78.60802,76.90278,0.10528499999999999,1,19261.6656000018,8093,28824,62979,2,1,2,2,1,52354.4195000082,8093,50,68,10,1,0,0,0,8,0,0,10,1,17,0,0,0,2,398637,285568,652,0,1184917,0,0,28447,255221,10616,274785,18,5,2,2,1,15546.1480999887,8093,10629,27914,2,1,2,2,1,17250.3769000024,8093,10631,27914,2,1,2,2,1,15373.0150000006,8093,22840,37169,2,1,2,2,,EPEA*+ID Runtime,1,15373.0150000006,52961,0.0029373967321461355
139,ost003d,194,194,80,24422,1,8.27180612553028e+55,0.6489,99.5875,270,4,147.7374,139.1358,0.08093315,0,300039.049600005,-2,11420,28253,3,1,3,0,0,300025.07879999303,-2,62,96,10,0,0,0,0,29,0,0,16,13,15,0,0,0,2,322812,340293,704,0,1725508,0,0,239629,289070,30497,319031,29,1,2,1,0,300062.8257,-2,9422,22773,3,1,3,2,0,300002.265799999,-2,9388,22700,3,1,3,0,0,300008.52410000603,-2,10561,23877,3,1,3,0,,ICTS 3E +ID Runtime,0,300002.265799999,37636,0.006054184955350386
140,brc202d,481,530,80,211779,1,8.27180612553028e+55,0.830734,116.5125,378,5,427.88300000000004,422.9969,0.0257404,1,24147.8394000083,9322,11588,32451,2,1,2,1,1,6992.40770000219,9322,57,97,0,12,0,0,0,6,0,0,10,20,21,0,0,0,2,58785,59896,17,0,50617,0,0,1519,45626,7693,50407,49,10,2,1,1,24762.9294999987,9322,10185,27045,2,1,2,1,1,25621.6300999969,9322,10186,27043,2,1,2,1,1,25473.7071999907,9322,10899,27787,2,1,2,1,,MA-CBS-Global-10/(EPEA*/SIC) choosing the first conflict in CBS nodes Runtime,1,6992.40770000219,254930,0.0018539547171560334
141,den502d,251,211,80,25726,2,8.27180612553028e+55,0.4857537,114.7125,259,1,100.5312,99.19414,0.10401989999999998,0,300024.695899993,-2,151683,355674,3,1,3,4,0,300027.833800003,-2,123,178,9,0,0,0,0,87,0,0,10,20,34,0,0,0,3,1240412,1292776,2486,0,4836427,0,0,60445,955829,180056,1210864,84,22,3,1,0,300024.969899997,-2,12807,32585,2,1,2,0,0,300067.417699993,-2,12823,32605,3,1,3,4,0,300006.70579999697,-2,104950,99990,3,1,3,4,,EPEA*+ID Runtime,0,300006.70579999697,52961,0.0029373967321461355
142,ost003d,194,194,80,24422,2,8.27180612553028e+55,0.6489,103.7875,346,11,138.3469,158.2176,0.08560953,0,300086.323400006,-2,80919,192775,3,1,3,7,0,300012.509399995,-2,480,614,10,30,0,0,0,61,0,0,15,90,69,0,0,0,2,1612501,1475373,19764,0,4280266,0,0,89357,1126227,146754,1397541,344,39,2,4,0,300008.90880000603,-2,13864,31614,7,1,7,0,0,300005.340599999,-2,13022,29910,3,1,3,7,0,300027.971799999,-2,45645,52998,3,1,3,7,,ICTS 3E +ID Runtime,0,300005.340599999,37636,0.006054184955350386
143,brc202d,481,530,80,211779,2,8.27180612553028e+55,0.830734,118.3875,519,4,391.5546,407.0636,0.02279449,1,35159.872899994305,9471,10686,28567,1,1,1,0,1,1729.4496999979,9471,15,27,0,4,0,0,0,15,0,0,0,8,7,0,0,0,1,19271,21118,9,0,14170,0,0,3677,17003,1468,18183,14,4,1,0,1,36089.2276000082,9471,10686,28567,1,1,1,0,1,36012.275000006004,9471,10686,28567,1,1,1,0,1,35971.3076000065,9471,10686,28567,1,1,1,0,,MA-CBS-Global-10/(EPEA*/SIC) choosing the first conflict in CBS nodes Runtime,1,1729.4496999979,254930,0.0018539547171560334
144,den502d,251,211,85,25726,0,2.5849394142282097e+59,0.4857537,102.94117647058799,262,0,96.4985,92.46621,0.1098355,0,300030.43160000397,-2,66119,152858,3,1,3,1,0,300014.826700002,-2,150,196,21,0,0,0,0,127,0,0,0,1,66,0,0,0,2,1943850,1748185,1740,0,5378122,0,0,33574,1606166,92245,1707689,87,25,2,1,0,300008.9595,-2,14143,35445,2,1,2,1,0,300000.691200003,-2,11447,30046,3,1,3,1,0,300013.542500004,-2,43878,56831,3,1,3,1,,ICTS 3E +ID Runtime,0,300000.691200003,52961,0.003120984027905269
145,ost003d,194,194,85,24422,0,2.5849394142282097e+59,0.6489,105.952941176471,305,9,142.4394,147.8977,0.08242109,0,300035.13519999397,-2,20459,50185,3,1,3,2,0,300010.37520000304,-2,146,209,10,0,0,0,0,35,0,0,10,14,49,0,0,0,3,857446,726500,907,0,4047121,0,0,149030,612515,77017,706059,77,22,3,1,0,300058.76560001104,-2,13775,31762,2,1,2,0,0,300016.43779999,-2,13783,31772,3,1,3,2,0,300026.46949999,-2,238101,196855,3,1,3,12,,MA-CBS-Global-10/(EPEA*/SIC) choosing the first conflict in CBS nodes Runtime,0,300010.37520000304,37636,0.006432571515059785
146,brc202d,481,530,85,211779,0,2.5849394142282097e+59,0.830734,144.035294117647,599,12,414.2971,406.1357,0.02668576,0,300033.83190000104,-2,76288,159390,3,1,3,4,0,300031.747800007,-2,249,317,0,71,0,0,0,248,0,0,10,94,35,0,0,0,4,981145,824512,570,0,3381953,0,0,48991,609674,63095,753911,209,14,4,0,1,140837.063700005,12251,14185,37141,5,1,5,8,1,155324.0634,12251,14188,37180,3,1,3,8,0,300010.805600002,-2,61689,68201,3,1,3,4,,Basic-CBS/(A*/SIC)+ID Runtime,1,140837.063700005,254930,0.0019698268869782856
147,den502d,251,211,85,25726,1,2.5849394142282097e+59,0.4857537,120.55294117647101,264,30,92.91984000000001,96.83310999999999,0.1119692,0,300045.069700003,-2,29321,73979,3,1,3,2,0,300066.427900001,-2,162,209,30,0,0,0,0,10,0,0,20,10,47,0,0,0,2,1416702,1052216,8991,0,6049654,0,0,205042,913105,49488,1002930,65,14,2,4,0,300022.759599999,-2,18976,46437,2,1,2,1,0,304784.821099997,-2,18997,46475,4,1,4,2,0,300017.216700003,-2,119131,125019,4,1,4,2,,EPEA*+ID Runtime,0,300017.216700003,52961,0.003120984027905269
148,ost003d,194,194,85,24422,1,2.5849394142282097e+59,0.6489,119.44705882352899,345,2,153.9272,166.1094,0.09310235,0,300029.100700006,-2,102589,198650,3,1,3,4,0,300008.08079999697,-2,167,247,1,20,0,0,0,166,0,0,0,39,62,0,0,0,2,1900111,1680241,13151,0,4823596,0,0,53696,1303083,192141,1639001,115,19,2,0,0,300050.588699996,-2,16611,37681,6,1,6,3,0,300004.984600008,-2,16619,37697,3,1,3,8,0,300017.287200004,-2,81886,81022,3,1,3,4,,ICTS 3E +ID Runtime,0,300004.984600008,37636,0.006432571515059785
149,brc202d,481,530,85,211779,1,2.5849394142282097e+59,0.830734,132.27058823529399,395,5,433.2957,436.139,0.02592869,1,67651.1934999973,11251,122583,244137,2,1,2,8,0,300006.8301,-2,174,232,0,37,0,0,0,158,0,0,12,37,46,0,0,0,3,1370326,1118957,500,0,4845305,0,0,27144,883269,112910,1076945,123,17,3,2,1,105217.8433,11251,12255,32600,7,1,7,8,1,63517.4112000018,11251,12202,32492,2,1,2,8,1,60431.480200007594,11251,101415,87626,2,1,2,8,,EPEA*+ID Runtime,1,60431.480200007594,254930,0.0019698268869782856
150,den502d,251,211,85,25726,2,2.5849394142282097e+59,0.4857537,110.929411764706,247,14,94.57155,95.8985,0.1190499,0,300056.644900009,-2,321363,754495,3,1,3,2,0,300031.498699993,-2,77,139,0,2,0,0,0,76,0,0,10,13,41,0,0,0,2,894741,829192,578,0,4163273,0,0,439022,697619,59866,775105,55,2,2,0,0,300022.45710000396,-2,16489,40792,4,1,4,0,0,300043.415399998,-2,16491,40788,3,1,3,2,0,300015.797399998,-2,197058,194115,3,1,3,2,,EPEA*+ID Runtime,0,300015.797399998,52961,0.003120984027905269
151,ost003d,194,194,85,24422,2,2.5849394142282097e+59,0.6489,114.44705882352899,295,2,155.1075,155.6936,0.09044532,1,98886.58339999619,9735,222829,584838,3,1,3,7,0,300011.380500004,-2,163,244,0,10,0,0,0,162,0,0,11,14,66,0,0,0,2,1705248,1217689,9666,0,5499813,0,0,32993,1042918,59774,1170720,106,25,2,0,0,300012.6426,-2,13927,32397,11,1,11,0,1,48911.8109999895,9735,12874,30274,3,1,3,7,1,16996.7207999974,9735,110046,107775,3,1,3,7,,EPEA*+ID Runtime,1,16996.7207999974,37636,0.006432571515059785
152,brc202d,481,530,85,211779,2,2.5849394142282097e+59,0.830734,111.082352941176,299,8,395.9179,400.2222,0.02483819,1,112358.78560000699,9448,158813,314438,2,1,2,6,0,300020.559799999,-2,252,348,14,31,0,0,0,102,0,0,30,69,42,0,0,0,3,1430710,1021170,7501,0,4276755,0,0,156279,862331,56855,981689,135,34,3,4,0,300055.830199987,-2,9828,26708,4,1,4,4,1,37468.1893999875,9448,9829,26698,2,1,2,6,1,46843.1045999974,9448,121882,101620,2,1,2,6,,ICTS 3E +ID Runtime,1,37468.1893999875,254930,0.0019698268869782856
